1694071573478	geckodriver	INFO	Listening on 127.0.0.1:58625
1694071576591	mozrunner::runner	INFO	Running command: "C:\\Program Files\\Mozilla Firefox\\firefox.exe" "--marionette" "--remote-debugging-port" "58626" "--remote-allow-hosts" "localhost" "-no-remote" "-profile" "C:\\Users\\arnie\\AppData\\Local\\Temp\\rust_mozprofile7bRupZ"
console.warn: services.settings: Ignoring preference override of remote settings server
console.warn: services.settings: Allow by setting MOZ_REMOTE_SETTINGS_DEVTOOLS=1 in the environment
1694071577064	Marionette	INFO	Marionette enabled
Dynamically enable window occlusion 0
1694071577257	Marionette	INFO	Listening on port 58641
WebDriver BiDi listening on ws://127.0.0.1:58626
Read port: 58641
1694071579850	RemoteAgent	WARN	TLS certificate errors will be ignored for this session
DevTools listening on ws://127.0.0.1:58626/devtools/browser/4a7bc44b-c6eb-40b8-9978-b2c0e052d7eb
console.error: (new TypeError("this._searchProviderInfo is null", "resource:///modules/SearchSERPTelemetry.sys.mjs", 638))
JavaScript warning: https://pagead2.googlesyndication.com/bg1694071601956	mozrunner::runner	INFO	Running command: "C:\\Program Files\\Mozilla Firefox\\firefox.exe" "--marionette" "--remote-debugging-port" "58721" "--remote-allow-hosts" "localhost" "-no-remote" "-profileconsole.warn: services.settings: Ignoring preference override of remote settings server
console.warn: services.settings: Allow by setting MOZ_REMOTE_SETTINGS_DEVTOOLS=1 in the environment
console.error: (new TypeError("lazy.AsyncShutdown.profileBeforeChange is undefined", "resource://services-settings/Database.sys.mjs", 593))
JavaScript error: resource://devtools/server/actors/utils/sources-manager.js, line 438: TypeError: channel is null
JavaScript error: resource://devtools/server/actors/utils/sources-manager.js, line 438: TypeError: channel is null
console.warn: LoginHelper(Main): "Couldn't parse specified uri [System Principal] with error NS_ERROR_MALFORMED_URI"
console.warn: LoginHelper(Main): "Couldn't parse specified uri [System Principal] with error NS_SourceActor threw an exception: [Exception... "Failed to open input source 'javascript:void(0);'"  nsresult: "0x80040111 (NS_ERROR_NOT_AVAILABLE)"  location: "JS frame :: resource://devtools/shared/DevToolsUtils.js :: mainThreadFetch/< :: line 703"  data: yes]
Stack: mainThreadFetch/<@resource://devtools/shared/DevToolsUtils.js:703:15
mainThreadFetch@resource://devtools/shared/DevToolsUtils.js:556:10
_fetchURLContents@resource://devtools/server/actors/utils/sources-manager.js:452:22
urlContents@resource://devtools/server/actors/utils/sources-manager.js:416:17
_resurrectSource@resource://devtools/server/actors/thread.js:2167:33
addAllSources@resource://devtools/server/actors/thread.js:1492:14
watch@resource://devtools/server/actors/resources/sources.js:78:17
watchResources@resource://devtools/server/actors/resources/index.js:322:19
addSessionDataEntry@resource://devtools/server/actors/targets/session-data-processors/resources.js:11:21
addSessionDataEntry@resource://devtools/server/actors/targets/base-target-actor.js:41:23
_addSessionDataEntry@resource://devtools/server/connectors/js-window-actor/DevToolsFrameChild.sys.mjs:527:24
receiveMessage@resource://devtools/server/connectors/js-window-actor/DevToolsFrameChild.sys.mjs:436:21
Line: 703, column: 0
console.error: ({})
JavaScript error: resource://devtools/shared/DevToolsUtils.js, line 703: NS_ERROR_NOT_AVAILABLE: Failed to open input source 'javascript:void(0);'
JavaScript error: resource://gre/modules/AsyncShutdown.sys.mjs, line 573: NotFoundError: No such JSWindowActor 'DevToolsFrame'
JavaScript error: resource://gre/modules/AsyncShutdown.sys.mjs, line 573: NotFoundError: No such JSWindowActor 'DevToolsFrame'
JavaScript error: resource://gre/modules/AsyncShutdown.sys.mjs, line 573: NotFoundError: No such JSWindowActor 'DevToolsFrame'
1694072829221	Marionette	INFO	Stopped listening on port 58730
Dynamically enable window occlusion 1
!!! error running onStopped callback: TypeError: callback is not a function
JavaScript warning: https://www.google.com/js/th/YrBCSterhsz94EJsjD3v7ys0foxm0QN59WDQGgS59_8.js line 2 > eval line 2950 > eval line 1 > eval line 1 > eval, line 1: WEBGL_debug_renderer_info is deprecated in Firefox and will be removed. Please use RENDERER.
console.error: (new Error("Data is not ready.", "resource://gre/modules/JSONFile.sys.mjs", 178))
 error: , line 0: TypeError: NetworkError when attempting to fetch resource.
JavaScript error: , line 0: TypeError: NetworkError when attempting to fetch resource.
JavaScript error: , line 0: TypeError: NetworkError when attempting to fetch resource.
JavaScript error: , line 0: TypeError: NetworkError when attempting to fetch resource.
console.warn: "Listener for event 'frame' did not return a promise."
console.warn: "Listener for event 'frame' did not return a promise."
console.warn: "Listener for event 'frame' did not return a promise."
console.warn: "Listener for event 'frame' did not return a promise."
console.warn: "Listener for event 'frame' did not return a promise."
console.warn: "Listener for event 'frame' did not return a promise."
console.warn: "Listener for event 'frame' did not return a promise."
console.warn: "Listener for event 'frame' did not return a promise."
console.warn: "Listener for event 'frame' did not return a promise."
console.warn: "Listener for event 'frame' did not return a promise."
JavaScript warning: https://pagead2.googlesyndication.com/bg/GMNNf8dPzMFRWE2GFsJAeeYNxVBqAV2Fx36SZG50-nU.js line 2 > eval line 2943 > eval line 1 > eval line 1 > eval, line 1: WEBGL_debug_renderer_info is deprecated in Firefox and will be removed. Please use RENDERER.
console.warn: "Listener for event 'frame' did not return a promise."
console.warn: "Async method failed in safeAsyncMethod" (new Error("Connection closed, pending request to server0.conn0.windowGlobal17179869188/layout21, type getGrids failed\n\nRequest stack:\nrequest@resource://devtools/shared/protocol/Front.js:300:14\ngenerateRequestMethods/</frontProto[name]@resource://devtools/shared/protocol/Front/FrontClassWithSpec.js:47:19\ngetAllGrids@resource://devtools/client/fronts/layout.js:173:17\nexports.safeAsyncMethod/<@resource://devtools/shared/async-utils.js:61:25\ngetGrids@resource://devtools/client/inspector/grids/grid-inspector.js:450:35\n", "resource://devtools/shared/protocol/Front.js", 106))
console.warn: services.settings: Ignoring preference override of remote settings server
console.warn: services.settings: Allow by setting MOZ_REMOTE_SETTINGS_DEVTOOLS=1 in the environment
console.error: (new TypeError("lazy.AsyncShutdown.profileBeforeChange is undefined", "resource://services-settings/Database.sys.mjs", 593))
console.error: "Unable to find target with innerWindowId:6442450966"
console.error: "Unable to find target with innerWindowId:6442450966"
console.error: "Unable to find target with innerWindowId:15032385542"
NetworkHelper.parseSecurityInfo threw an exception: Security state 0 has no known STATE_IS_* flags.
console.error: "Security state 0 has no known STATE_IS_* flags."
console.error: "Unable to find target with innerWindowId:15032385542"
console.warn: "Listener for event 'frame' did not return a promise."
JavaScript error: , line 0: TypeError: NetworkError when attempting to fetch resource.
console.warn: "Listener for event 'frame' did not return a promise."
console.warn: "Listener for event 'frame' did not return a promise."
console.warn: "Listener for event 'frame' did not return a promise."
console.warn: "Listener for event 'frame' did not return a promise."
console.warn: "Listener for event 'frame' did not return a promise."
console.warn: "Listener for event 'frame' did not return a promise."
console.warn: "Listener for event 'frame' did not return a promise."
console.warn: "Listener for event 'frame' did not return a promise."
console.warn: "Listener for event 'frame' did not return a promise."
console.warn: "Listener for event 'frame' did not return a promise."
console.warn: "Listener for event 'frame' did not return a promise."
console.warn: "Listener for event 'frame' did not return a promise."
console.warn: "Listener for event 'frame' did not return a promise."
console.warn: "Listener for event 'frame' did not return a promise."
console.warn: "Listener for event 'frame' did not return a promise."
JavaScript warning: https://pagead2.googlesyndication.com/bg/GMNNf8dPzMFRWE2GFsJAeeYNxVBqAV2Fx36SZG50-nU.js line 2 > eval line 2646 > eval line 1 > eval line 1 > eval, line 1: WEBGL_debug_renderer_info is deprecated in Firefox and will be removed. Please use RENDERER.
console.warn: "Listener for event 'frame' did not return a promise."
console.warn: "Async method failed in safeAsyncMethod" (new Error("Connection closed, pending request to server0.conn0.windowGlobal23622320135/layout21, type getGrids failed\n\nRequest stack:\nrequest@resource://devtools/shared/protocol/Front.js:300:14\ngenerateRequestMethods/</frontProto[name]@resource://devtools/shared/protocol/Front/FrontClassWithSpec.js:47:19\ngetAllGrids@resource://devtools/client/fronts/layout.js:173:17\nexports.safeAsyncMethod/<@resource://devtools/shared/async-utils.js:61:25\ngetGrids@resource://devtools/client/inspector/grids/grid-inspector.js:450:35\n", "resource://devtools/shared/protocol/Front.js", 106))
console.warn: "Listener for event 'frame' did not return a promise."
console.warn: "Listener for event 'frame' did not return a promise."
console.warn: "Listener for event 'frame' did not return a promise."
JavaScript warning: https://pagead2.googlesyndication.com/bg/GMNNf8dPzMFRWE2GFsJAeeYNxVBqAV2Fx36SZG50-nU.js line 2 > eval line 4360 > eval line 1 > eval line 1 > eval, line 1: WEBGL_debug_renderer_info is deprecated in Firefox and will be removed. Please use RENDERER.
console.error: "Error while calling actor 'domwalker's method 'getEmbedderElement'" "Component returned failure code: 0x80004005 (NS_ERROR_FAILURE) [inIDeepTreeWalker.currentNode]"
console.error: ({})
console.warn: "Error while destroying front:" "inspector" (new Error("Protocol error (NS_ERROR_FAILURE): Component returned failure code: 0x80004005 (NS_ERROR_FAILURE) [inIDeepTreeWalker.currentNode] from: server0.conn0.windowGlobal23622320136/domwalker20 (resource://devtools/server/actors/inspector/document-walker.js:69:0)", "resource://devtools/shared/protocol/Front.js", 383))
console.error: "Failed to start [root-node] legacy listener for target null" (new Error("Protocol error (NS_ERROR_FAILURE): Component returned failure code: 0x80004005 (NS_ERROR_FAILURE) [inIDeepTreeWalker.currentNode] from: server0.conn0.windowGlobal23622320136/domwalker20 (resource://devtools/server/actors/inspector/document-walker.js:69:0)", "resource://devtools/shared/protocol/Front.js", 383))
JavaScript error: resource://devtools/shared/protocol/Front.js, line 383: Error: Protocol error (NS_ERROR_FAILURE): Component returned failure code: 0x80004005 (NS_ERROR_FAILURE) [inIDeepTreeWalker.currentNode] from: server0.conn0.windowGlobal23622320136/domwalker20 (resource://devtools/server/actors/inspector/document-walker.js:69:0)
NetworkHelper.parseSecurityInfo threw an exception: Security state 0 has no known STATE_IS_* flags.
console.error: "Security state 0 has no known STATE_IS_* flags."
NetworkHelper.parseSecurityInfo threw an exception: Security state 0 has no known STATE_IS_* flags.
console.error: "Security state 0 has no known STATE_IS_* flags."
NetworkHelper.parseSecurityInfo threw an exception: Security state 0 has no known STATE_IS_* flags.
console.error: "Security state 0 has no known STATE_IS_* flags."
NetworkHelper.parseSecurityInfo threw an exception: Security state 0 has no known STATE_IS_* flags.
console.error: "Security state 0 has no known STATE_IS_* flags."
console.warn: services.settings: Ignoring preference override of remote settings server
console.warn: services.settings: Allow by setting MOZ_REMOTE_SETTINGS_DEVTOOLS=1 in the environment
console.error: (new TypeError("lazy.AsyncShutdown.profileBeforeChange is undefined", "resource://services-settings/Database.sys.mjs", 593))
console.error: "Unable to find target with innerWindowId:6442450983"
console.error: "Unable to find target with innerWindowId:6442450983"
console.error: "Unable to find target with innerWindowId:6442450983"
console.error: "Unable to find target with innerWindowId:21474836483"
console.error: "Unable to find target with innerWindowId:21474836483"
console.error: "Unable to find target with innerWindowId:21474836486"
console.error: "Unable to find target with innerWindowId:21474836486"
console.error: "Unable to find target with innerWindowId:6442450983"
console.error: "Unable to find target with innerWindowId:21474836491"
console.error: "Unable to find target with innerWindowId:21474836491"
console.error: "Unable to find target with innerWindowId:21474836494"
console.error: "Unable to find target with innerWindowId:21474836494"
JavaScript error: , line 0: TypeError: NetworkError when attempting to fetch resource.
JavaScript error: , line 0: TypeError: NetworkError when attempting to fetch resource.
JavaScript error: , line 0: TypeError: NetworkError when attempting to fetch resource.
JavaScript error: , line 0: TypeError: NetworkError when attempting to fetch resource.
console.warn: "Listener for event 'frame' did not return a promise."
console.warn: "Listener for event 'frame' did not return a promise."
console.warn: "Listener for event 'frame' did not return a promise."
console.warn: "Listener for event 'frame' did not return a promise."
console.warn: "Listener for event 'frame' did not return a promise."
console.warn: "Listener for event 'frame' did not return a promise."
console.warn: "Listener for event 'frame' did not return a promise."
console.warn: "Listener for event 'frame' did not return a promise."
console.warn: "Listener for event 'frame' did not return a promise."
console.warn: "Listener for event 'frame' did not return a promise."
console.warn: "Listener for event 'frame' did not return a promise."
console.warn: "Listener for event 'frame' did not return a promise."
JavaScript warning: https://pagead2.googlesyndication.com/bg/GMNNf8dPzMFRWE2GFsJAeeYNxVBqAV2Fx36SZG50-nU.js line 2 > eval line 1270 > eval line 1 > eval line 1 > eval, line 1: WEBGL_debug_renderer_info is deprecated in Firefox and will be removed. Please use RENDERER.
console.warn: "Listener for event 'frame' did not return a promise."
console.warn: LoginHelper(Main): "Couldn't parse specified uri [System Principal] with error NS_ERROR_MALFORMED_URI"
console.warn: "Listener for event 'frame' did not return a promise."
JavaScript warning: https://pagead2.googlesyndication.com/bg/GMNNf8dPzMFRWE2GFsJAeeYNxVBqAV2Fx36SZG50-nU.js line 2 > eval line 5530 > eval line 1 > eval line 1 > eval, line 1: WEBGL_debug_renderer_info is deprecated in Firefox and will be removed. Please use RENDERER.
console.warn: "Listener for event 'frame' did not return a promise."
console.warn: LoginHelper(Main): "Couldn't parse specified uri [System Principal] with error NS_ERROR_MALFORMED_URI"
console.warn: LoginHelper(Main): "Couldn't parse specified uri [System Principal] with error NS_ERROR_MALFORMED_URI"
console.warn: LoginHelper(Main): "Couldn't parse specified uri [System Principal] with error NS_ERROR_MALFORMED_URI"
console.warn: LoginHelper(Main): "Couldn't parse specified uri [System Principal] with error NS_ERROR_MALFORMED_URI"
console.warn: LoginHelper(Main): "Couldn't parse specified uri [System Principal] with error NS_ERROR_MALFORMED_URI"
console.warn: LoginHelper(Main): "Couldn't parse specified uri [System Principal] with error NS_ERROR_MALFORMED_URI"
console.warn: LoginHelper(Main): "Couldn't parse specified uri [System Principal] with error NS_ERROR_MALFORMED_URI"
console.warn: LoginHelper(Main): "Couldn't parse specified uri [System Principal] with error NS_ERROR_MALFORMED_URI"
console.warn: LoginHelper(Main): "Couldn't parse specified uri [System Principal] with error NS_ERROR_MALFORMED_URI"
console.warn: LoginHelper(Main): "Couldn't parse specified uri [System Principal] with error NS_ERROR_MALFORMED_URI"
console.warn: LoginHelper(Main): "Couldn't parse specified uri [System Principal] with error NS_ERROR_MALFORMED_URI"
console.warn: LoginHelper(Main): "Couldn't parse specified uri [System Principal] with error NS_ERROR_MALFORMED_URI"
console.warn: LoginHelper(Main): "Couldn't parse specified uri [System Principal] with error NS_ERROR_MALFORMED_URI"
console.warn: LoginHelper(Main): "Couldn't parse specified uri [System Principal] with error NS_ERROR_MALFORMED_URI"
console.warn: LoginHelper(Main): "Couldn't parse specified uri [System Principal] with error NS_ERROR_MALFORMED_URI"
console.warn: LoginHelper(Main): "Couldn't parse specified uri [System Principal] with error NS_ERROR_MALFORMED_URI"
console.warn: LoginHelper(Main): "Couldn't parse specified uri [System Principal] with error NS_ERROR_MALFORMED_URI"
console.warn: LoginHelper(Main): "Couldn't parse specified uri [System Principal] with error NS_ERROR_MALFORMED_URI"
console.warn: LoginHelper(Main): "Couldn't parse specified uri [System Principal] with error NS_ERROR_MALFORMED_URI"
console.warn: LoginHelper(Main): "Couldn't parse specified uri [System Principal] with error NS_ERROR_MALFORMED_URI"
console.warn: LoginHelper(Main): "Couldn't parse specified uri [System Principal] with error NS_ERROR_MALFORMED_URI"
console.warn: LoginHelper(Main): "Couldn't parse specified uri [System Principal] with error NS_ERROR_MALFORMED_URI"
console.warn: LoginHelper(Main): "Couldn't parse specified uri [System Principal] with error NS_ERROR_MALFORMED_URI"
console.warn: LoginHelper(Main): "Couldn't parse specified uri [System Principal] with error NS_ERROR_MALFORMED_URI"
console.warn: LoginHelper(Main): "Couldn't parse specified uri [System Principal] with error NS_ERROR_MALFORMED_URI"
console.warn: LoginHelper(Main): "Couldn't parse specified uri [System Principal] with error NS_ERROR_MALFORMED_URI"
console.error: (new TypeError("this.nodeHierarchy[this.currentIndex] is undefined", "resource://devtools/client/inspector/breadcrumbs.js", 804))
console.error: (new TypeError("this.nodeHierarchy[this.currentIndex] is undefined", "resource://devtools/client/inspector/breadcrumbs.js", 804))
console.error: (new TypeError("this.nodeHierarchy[this.currentIndex] is undefined", "resource://devtools/client/inspector/breadcrumbs.js", 804))
console.error: (new TypeError("this.nodeHierarchy[this.currentIndex] is undefined", "resource://devtools/client/inspector/breadcrumbs.js", 804))
JavaScript error: resource://gre/modules/AsyncShutdown.sys.mjs, line 573: NotFoundError: No such JSWindowActor 'DevToolsFrame'
JavaScript error: resource://gre/modules/AsyncShutdown.sys.mjs, line 573: NotFoundError: No such JSWindowActor 'DevToolsFrame'
JavaScript error: resource://gre/modules/AsyncShutdown.sys.mjs, line 573: NotFoundError: No such JSWindowActor 'DevToolsFrame'
JavaScript error: resource://gre/modules/AsyncShutdown.sys.mjs, line 573: NotFoundError: No such JSWindowActor 'DevToolsFrame'
JavaScript error: resource://gre/modules/AsyncShutdown.sys.mjs, line 573: NotFoundError: No such JSWindowActor 'DevToolsFrame'
JavaScript error: resource://gre/modules/AsyncShutdown.sys.mjs, line 573: NotFoundError: No such JSWindowActor 'DevToolsFrame'
JavaScript error: resource://gre/modules/AsyncShutdown.sys.mjs, line 573: NotFoundError: No such JSWindowActor 'DevToolsFrame'
JavaScript error: resource://gre/modules/AsyncShutdown.sys.mjs, line 573: NotFoundError: No such JSWindowActor 'DevToolsFrame'
JavaScript error: resource://gre/modules/AsyncShutdown.syconsole.warn: services.settings: Ignoring preference override of remote settings server
console.warn: services.settings: Allow by setting MOZ_REMOTE_SETTINGS_DEVTOOLS=1 in the environment
console.error: (new TypeError("lazy.AsyncShutdown.profileBeforeChange is undefined", "resource://services-settings/Database.sys.mjs", 593))
JavaScript warning: https://pagead2.googlesyndication.com/bg/GMNNf8dPzMFRWE2GFsJAeeYNxVBqAV2Fx36SZG50-nU.js line 2 > eval line 5702 > eval line 1 > eval line 1 > eval, line 1: WEBGL_debug_renderer_info is deprecated in Firefox and will be removed. Please use RENDERER.
onette	INFO	Stopped listening on port 58641
Dynamically enable window occlusion 1
JavaScript error: , line 0: TypeError: NetworkError when attempting to fetch resource.
JavaScript error: , line 0: TypeError: NetworkError when attempting to fetch resource.
1694072839520	geckodriver	INFO	Listening on 127.0.0.1:62357
1694072842574	mozrunner::runner	INFO	Running command: "C:\\Program Files\\Mozilla Firefox\\firefox.exe" "--marionette" "--remote-debugging-port" "62358" "--remote-allow-hosts" "localhost" "-no-remote" "-profile" "C:\\Users\\arnie\\AppData\\Local\\Temp\\rust_mozprofileeWSQ9m"
console.warn: services.settings: Ignoring preference override of remote settings server
console.warn: services.settings: Allow by setting MOZ_REMOTE_SETTINGS_DEVTOOLS=1 in the environment
1694072842955	Marionette	INFO	Marionette enabled
Dynamically enable window occlusion 0
1694072843038	Marionette	INFO	Listening on port 62368
WebDriver BiDi listening on ws://127.0.0.1:62358
Read port: 62368
1694072845856	RemoteAgent	WARN	TLS certificate errors will be ignored for this session
console.error: Region.sys.mjs: "Error fetching region" (new AbortError("The operation was aborted. ", (void 0), 757))
console.error: Region.sys.mjs: "Failed to fetch region" (new Error("NO_RESULT", "resource://gre/modules/Region.sys.mjs", 411))
DevTools listening on ws://127.0.0.1:62358/devtools/browser/f9ca65c0-542d-4f99-8355-f52e582f6b36
console.error: (new TypeError("this._searchProviderInfo is null", "resource:///modules/SearchSERPTelemetry.sys.mjs", 638))
1694073162212	geckodriver	INFO	Listening on 127.0.0.1:62649
1694073165253	mozrunner::runner	INFO	Running command: "C:\\Program Files\\Mozilla Firefox\\firefox.exe" "--marionette" "--remote-debugging-port" "62650" "--remote-allow-hosts" "localhost" "-no-remote" "-profile" "C:\\Users\\arnie\\AppData\\Local\\Temp\\rust_mozprofileh2IIT4"
console.warn: services.settings: Ignoring preference override of remote settings server
console.warn: services.settings: Allow by setting MOZ_REMOTE_SETTINGS_DEVTOOLS=1 in the environment
1694073165649	Marionette	INFO	Marionette enabled
Dynamically enable window occlusion 0
1694073165730	Marionette	INFO	Listening on port 62659
WebDriver BiDi listening on ws://127.0.0.1:62650
Read port: 62659
1694073168004	RemoteAgent	WARN	TLS certificate errors will be ignored for this session
DevTools listening on ws://127.0.0.1:62650/devtools/browser/67b03b31-1e7a-4fdf-b73f-df00f4a0decc
console.error: (new TypeError("this._searchProviderInfo is null", "resource:///modules/SearchSERPTelemetry.sys.mjs", 638))
JavaScript warning: https://pagead2.googlesyndication.com/bg1694073190673	mozrunner::runner	INFO	Running command: "C:\\Program Files\\Mozilla Firefox\\firefox.exe" "--marionette" "--remote-debugging-port" "62772" "--remote-allow-hosts" "localhost" "-no-remote" "-profileJavaScript warning: https://www.googletagservices.com/activeview/js/current/rx_lidar.js?cache=r20110914, line 10: Script terminated by timeout at:
t@https://www.googletagservices.com/activeview/js/current/rx_lidar.js?cache=r20110914:10:248
vn/a<@https://www.googletagservices.com/activeview/js/current/rx_lidar.js?cache=r20110914:247:86
Kc.prototype.m@https://www.googletagservices.com/activeview/js/current/rx_lidar.js?cache=r20110914:85:513
m.next@https://www.googletagservices.com/activeview/js/current/rx_lidar.js?cache=r20110914:72:859
m.pa@https://www.googletagservices.com/activeview/js/current/rx_lidar.js?cache=r20110914:91:135
Vc.prototype.m@https://www.googletagservices.com/activeview/js/current/rx_lidar.js?cache=r20110914:87:1378
m.next@https://www.googletagservices.com/activeview/js/current/rx_lidar.js?cache=r20110914:72:859
Sj/c/</</<@https://www.googletagservices.com/activeview/js/current/rx_lJavaScript warning: https://www.googletagmanager.com/gtm.js?id=G-DSYZ9DK9R6, line 329: Script terminated by timeout at:
tm@https://www.googletagmanager.com/gtm.js?id=G-DSYZ9DK9R6:329:530
xm@https://www.googletagmanager.com/gtm.js?id=G-DSYZ9DK9R6:329:750
aa.hm@https://www.googletagmanager.com/gtm.js?id=G-DSYZ9DK9R6:561:428
aa.gm/k/<@https://www.googletagmanager.com/gtm.js?id=G-DSYZ9DK9R6:553:494
Nj@https://www.googletagmanager.com/gtm.js?id=G-DSYZ9DK9R6:295:235
Zj@https://www.googletagmanager.com/gtm.js?id=G-DSYZ9DK9R6:297:349
k@https://www.googletagmanager.com/gtm.js?id=G-DSYZ9DK9R6:553:480
c@https://www.googletagmanager.com/gtm.js?id=G-DSYZ9DK9R6:339:169
tn@https://www.googletagmanager.com/gtm.js?id=G-DSYZ9DK9R6:340:269
aa.gm@https://www.googletagmanager.com/gtm.js?id=G-DSYZ9DK9R6:554:13
c@https://www.googletagmanager.com/gtm.js?id=G-DSYZ9DK9R6:573:694
bw@https://www.googletagmanager.com/gtm.js?id=G-DSYZ9DK9R6:417:298
aw.prototype.flush@https://www.googletagmanager.com/gtm.js?id=G-DSYZ9DK9R6:420:266
aw.prototype.push@https://www.googletagmanager.com/gtm.js?id=G-DSYZ9DK9R6:418:207
Uv@https://www.googletagmanager.com/gtm.js?id=G-DSYZ9DK9R6:415:712
kF/<@https://www.googletagmanager.com/gtm.js?id=G-DSYZ9DK9R6:574:153
aa.vk/<@https://www.googletagmanager.com/gtm.js?id=G-DSYZ9DK9R6:524:126
aa.vk/c/<@https://www.googletagmanager.com/gtm.js?id=G-DSYZ9DK9R6:523:420

1694073894820	Marionette	INFO	Stopped listening on port 62781
Dynamically enable window occlusion 1
JavaScript warning: https://www.google.com/js/th/YrBCSterhsz94EJsjD3v7ys0foxm0QN59WDQGgS59_8.js line 2 > eval line 6013 > eval line 1 > eval line 1 > eval, line 1: WEBGL_debug_renderer_info is deprecated in Firefox and will be removed. Please use RENDERER.
agservices.com/activeview/js/current/rx_lidar.js?cache=r20110914:174:1013
Ma.prototype.La/<@https://www.googletagservices.com/activeview/js/current/rx_lidar.js?cache=r20110914:43:162
Bj/</</<@https://www.googletagservices.com/activeview/js/current/rx_lidar.js?cache=r20110914:175:371
m.nd@https://www.googletagservices.com/activeview/js/current/rx_lidar.js?cache=r20110914:75:425
m.next@https://www.googletagservices.com/activeview/js/current/rx_lidar.js?cache=r20110914:74:439
m.m@https://www.googletagservices.com/activeview/js/current/rx_lidar.js?cache=r20110914:73:223
m.next@https://www.googletagservices.com/activeview/js/current/rx_lidar.js?cache=r20110914:72:859
md/</<@https://www.googletagservices.com/activeview/js/current/rx_lidar.js?cache=r20110914:93:671

JavaScript error: , line 0: TypeError: NetworkError when attempting to fetch resource.
JavaScript error: , line 0: TypeError: NetworkError when attempting to fetch resource.
JavaScript error: , line 0: TypeError: NetworkError when attempting to fetch resource.
JavaScript error: , line 0: TypeError: NetworkError when attempting to fetch resource.
JavaScript warning: https://pagead2.googlesyndication.com/bg/GMNNf8dPzMFRWE2GFsJAeeYNxVBqAV2Fx36SZG50-nU.js line 2 > eval line 3478 > eval line 1 > eval line 1 > eval, line 1: WEBGL_debug_renderer_info is deprecated in Firefox and will be removed. Please use RENDERER.
JavaScript warning: https://pagead2.googlesyndication.com/bg/3m8HFB-ShPtDzcYempcQY_ASUwv-AHBHVawPPC3Nvm0.js line 2 > eval line 4693 > eval line 1 > eval line 1 > eval, line 1: WEBGL_debug_renderer_info is deprecated in Firefox and will be removed. Please use RENDERER.
JavaScript warning: https://pagead2.googlesyndication.com/bg/GMNNf8dPzMFRWE2GFsJAeeYNxVBqAV2Fx36SZG50-nU.js line 2 > eval line 3058 > eval line 1 > eval line 1 > eval, line 1: WEBGL_debug_renderer_info is deprecated in Firefox and will be removed. Please use RENDERER.
JavaScript warning: https://pagead2.googlesyndication.com/bg/GMNNf8dPzMFRWE2GFsJAeeYNxVBqAV2Fx36SZG50-nU.js line 2 > eval line 616 > eval line 1 > eval line 1 > eval, line 1: WEBGL_debug_renderer_info is deprecated in Firefox and will be removed. Please use RENDERER.
JavaScript warning: https://www.googletagmanager.com/gtag/js?id=G-D1S6FHTY5M&l=dataLayer&cx=c, line 172: Script terminated by timeout at:
kb@https://www.googletagmanager.com/gtag/js?id=G-D1S6FHTY5M&l=dataLayer&cx=c:172:303
lb@https://www.googletagmanager.com/gtag/js?id=G-D1S6FHTY5M&l=dataLayer&cx=c:173:160
bw@https://www.googletagmanager.com/gtag/js?id=G-D1S6FHTY5M&l=dataLayer&cx=c:423:257
aw.prototype.flush@https://www.googletagmanager.com/gtag/js?id=G-D1S6FHTY5M&l=dataLayer&cx=c:427:266
aw.prototype.push@https://www.googletagmanager.com/gtag/js?id=G-D1S6FHTY5M&l=dataLayer&cx=c:425:207
Uv@https://www.googletagmanager.com/gtag/js?id=G-D1S6FHTY5M&l=dataLayer&cx=c:422:712
kF/<@https://www.googletagmanager.com/gtag/js?id=G-D1S6FHTY5M&l=dataLayer&cx=c:560:153
aa.vk/<@https://www.googletagmanager.com/gtag/js?id=G-D1S6FHTY5M&l=dataLayer&cx=c:510:126
aa.vk/c/<@https://www.googletagmanager.com/gtag/js?id=G-D1S6FHTY5M&l=dataLayer&cx=c:509:420

1694073893863	Marionette	INFO	Stopped listening on port 62659
Dynamically enable window occlusion 1
JavaScript error: , line 0: TypeError: NetworkError when attempting to fetch resource.
JavaScript error: , line 0: TypeError: NetworkError when attempting to fetch resource.
JavaScript error: , line 0: TypeError: NetworkError when attempting to fetch resource.
JavaScript error: , line 0: TypeError: NetworkError when attempting to fetch resource.
ngs server
console.warn: services.settings: Allow by setting MOZ_REMOTE_SETTINGS_DEVTOOLS=1 in the environment
1694073736143	Marionette	INFO	Marionette enabled
Dynamically enable window occlusion 0
1694073736224	Marionette	INFO	Listening on port 63647
WebDriver BiDi listening on ws://127.0.0.1:63638
Read port: 63647
Read port: 63647
Read port: 63647
1694073738618	RemoteAgent	WARN	TLS certificate errors will be ignored for this session
DevTools listening on ws://127.0.0.1:63638/devtools/browser/4beae000-bc84-46c3-8c54-3b4088ce5c5a
console.error: (new TypeError("this._searchProviderInfo is null", "resource:///modules/SearchSERPTelemetry.sys.mjs", 638))
JavaScript warning: https://pagead2.googlesyndication.com/bg1694073758685	mozrunner::runner	INFO	Running command: "C:\\Program Files\\Mozilla Firefox\\firefox.exe" "--marionette" "--remote-debugging-port" "63738" "--remote-allow-hosts" "localhost" "-no-remote" "-profileconsole.warn: services.settings: Ignoring preference override of remote settings server
console.warn: services.settings: Allow by setting MOZ_REMOTE_SETTINGS_DEVTOOLS=1 in the environment
console.error: (new TypeError("lazy.AsyncShutdown.profileBeforeChange is undefined", "resource://services-settings/Database.sys.mjs", 593))
 occlusion 0
1694073759175	Marionette	INFO	Listening on port 63747
WebDriver BiDi listening on ws://127.0.0.1:63738
Read port: 63747
1694073761869	RemoteAgent	WARN	TLS certificate errors will be ignored for this session
DevTools listening on ws://127.0.0.1:63738/devtools/browser/f6dc25ba-ae31-4e19-962b-09f8f89c8064
console.error: (new TypeError("this._searchProviderInfo is null", "resource:///modules/SearchSERPTelemetry.sys.mjs", 638))
1694073815400	geckodriver	INFO	Listening on 127.0.0.1:64128
1694073818452	mozrunner::runner	INFO	Running command: "C:\\Program Files\\Mozilla Firefox\\firefox.exe" "--marionette" "--remote-debugging-port" "64129" "--remote-allow-hosts" "localhost" "-no-remote" "-profile" "C:\\Users\\arnie\\AppData\\Local\\Temp\\rust_mozprofileI9NU5x"
console.warn: services.settings: Ignoring preference override of remote settings server
console.warn: services.settings: Allow by setting MOZ_REMOTE_SETTINGS_DEVTOOLS=1 in the environment
1694073818941	Marionette	INFO	Marionette enabled
Dynamically enable window occlusion 0
1694073819031	Marionette	INFO	Listening on port 64138
WebDriver BiDi listening on ws://127.0.0.1:64129
Read port: 64138
1694073820999	RemoteAgent	WARN	TLS certificate errors will be ignored for this session
DevTools listening on ws://127.0.0.1:64129/devtools/browser/741a8e5c-b7d1-4151-aa7f-a21a0f9d4032
console.error: (new TypeError("this._searchProviderInfo is null", "resource:///modules/SearchSERPTelemetry.sys.mjs", 638))
JavaScript warning: https://pagead2.googlesyndication.com/bg1694073841832	mozrunner::runner	INFO	Running command: "C:\\Program Files\\Mozilla Firefox\\firefox.exe" "--marionette" "--remote-debugging-port" "64226" "--remote-allow-hosts" "localhost" "-no-remote" "-profileShutting down due to socket process crash.
[GFX1-]: CompositorBridgeChild receives IPC close with reason=AbnormalShutdown
[GFX1-][G: ComFX1-]: CpositorBridgeChild receives IPC ompositorBridgeChild rceceivlose with reason=AbnormalShutdown
es IPC close with reason=AbnormalShutdown
O	Marionette enabled
Dynamically enable window occlusion 0
1694073842324	Marionette	INFO	Listening on port 64235
WebDriver BiDi listening on ws://127.0.0.1:64226
Read port: 64235
1694073843072	RemoteAgent	WARN	TLS certificate errors will be ignored for this session
console.error: Region.sys.mjs: "Error fetching region" (new AbortError("The operation was aborted. ", (void 0), 757))
console.error: Region.sys.mjs: "Failed to fetch region" (new Error("NO_RESULT", "resource://gre/modules/Region.sys.mjs", 411))
DevTools listening on ws://127.0.0.1:64226/devtools/browser/b591efde-f321-4344-9671-76b45933c8c1
console.error: (new TypeError("this._searchProviderInfo is null", "resource:///modules/SearchSERPTelemetry.sys.mjs", 638))
1694073905483	geckodriver	INFO	Listening on 127.0.0.1:64356
1694073908566	mozrunner::runner	INFO	Running command: "C:\\Program Files\\Mozilla Firefox\\firefox.exe" "--marionette" "--remote-debugging-port" "64357" "--remote-allow-hosts" "localhost" "-no-remote" "-profile" "C:\\Users\\arnie\\AppData\\Local\\Temp\\rust_mozprofileasiJTv"
console.warn: services.settings: Ignoring preference override of remote settings server
console.warn: services.settings: Allow by setting MOZ_REMOTE_SETTINGS_DEVTOOLS=1 in the environment
1694073908928	Marionette	INFO	Marionette enabled
Dynamically enable window occlusion 0
1694073909006	Marionette	INFO	Listening on port 64366
WebDriver BiDi listening on ws://127.0.0.1:64357
Read port: 64366
1694073911482	RemoteAgent	WARN	TLS certificate errors will be ignored for this session
DevTools listening on ws://127.0.0.1:64357/devtools/browser/9c181fd5-5a32-49ca-83b8-e975384eb206
console.error: (new TypeError("this._searchProviderInfo is null", "resource:///modules/SearchSERPTelemetry.sys.mjs", 638))
JavaScript warning: https://pagead2.googlesyndication.com/bg1694073928747	mozrunner::runner	INFO	Running command: "C:\\Program Files\\Mozilla Firefox\\firefox.exe" "--marionette" "--remote-debugging-port" "64442" "--remote-allow-hosts" "localhost" "-no-remote" "-profile" "C:\\Users\\arnie\\AppData\\Local\\Temp\\rust_mozprofilexrzIgv"
console.warn: services.settings: Ignoring preference override of remote settings server
console.warn: services.settings: Allow by setting MOZ_REMOTE_SETTINGS_DEVTOOLS=1 in the environment
1694073929211	Marionette	INFO	Marionette enabled
Dynamically enable window occlusion 0
1694073929291	Marionette	INFO	Listening on port 64455
WebDriver BiDi listening on ws://127.0.0.1:64442
Read port: 64455
Read port: 64455
Read port: 64455
Read port: 64455
Read port: 64455
1694073934043	RemoteAgent	WARN	TLS certificate errors will be ignored for this session
DevTools listening on ws://127.0.0.1:64442/devtools/browser/0276b591-401f-4075-9f19-9ddfd6cb6f31
console.error: (new TypeError("this._searchProviderInfo is null", "resource:///modules/SearchSERPTelemetry.sys.mjs", 638))
1694074306422	geckodriver	INFO	Listening on 127.0.0.1:64784
1694074309474	mozrunner::runner	INFO	Running command: "C:\\Program Files\\Mozilla Firefox\\firefox.exe" "--marionette" "--remote-debugging-port" "64785" "--remote-allow-hosts" "localhost" "-no-remote" "-profile" "C:\\Users\\arnie\\AppData\\Local\\Temp\\rust_mozprofileCfpjEI"
console.warn: services.settings: Ignoring preference override of remote settings server
console.warn: services.settings: Allow by setting MOZ_REMOTE_SETTINGS_DEVTOOLS=1 in the environment
1694074309886	Marionette	INFO	Marionette enabled
Dynamically enable window occlusion 0
1694074309970	Marionette	INFO	Listening on port 64794
Read port: 64794
WebDriver BiDi listening on ws://127.0.0.1:64785
1694074310599	RemoteAgent	WARN	TLS certificate errors will be ignored for this session
1694074327457	geckodriver	INFO	Listening on 127.0.0.1:64818
1694074330499	mozrunner::runner	INFO	Running command: "C:\\Program Files\\Mozilla Firefox\\firefox.exe" "--marionette" "--remote-debugging-port" "64819" "--remote-allow-hosts" "localhost" "-no-remote" "-profile" "C:\\Users\\arnie\\AppData\\Local\\Temp\\rust_mozprofilebmBH2b"
console.warn: services.settings: Ignoring preference override of remote settings server
console.warn: services.settings: Allow by setting MOZ_REMOTE_SETTINGS_DEVTOOLS=1 in the environment
1694074330936	Marionette	INFO	Marionette enabled
Dynamically enable window occlusion 0
1694074331019	Marionette	INFO	Listening on port 64828
WebDriver BiDi listening on ws://127.0.0.1:64819
Read port: 64828
1694074331662	RemoteAgent	WARN	TLS certificate errors will be ignored for this session
DevTools listening on ws://127.0.0.1:64819/devtools/browser/93c0c0de-151a-4ea5-84c2-5f94b014f6f8
console.error: (new TypeError("this._searchProviderInfo is null", "resource:///modules/SearchSERPTelemetry.sys.mjs", 638))
JavaScript warning: https://pagead2.googlesyndication.com/bg/GMNNf8dPzMFRWE2GFsJAeeYNxVBqAV2Fx36SZG50-nU.js line 2 > eval line 275 > eval line 1 > eval line 1 > eval, line 1: WEBGL_debug_renderer_info is deprecated in Firefox and will be removed. Please use RENDERER.
console.warn: services.settings: Ignoring preference override of remote settings server
console.warn: services.settings: Allow by setting MOZ_REMOTE_SETTINGS_DEVTOOLS=1 in the environment
console.error: (new TypeError("lazy.AsyncShutdown.profileBeforeChange is undefined", "resource://services-settings/Database.sys.mjs", 593))
JavaScript error: resource://devtools/server/actors/utils/sources-manager.js, line 438: TypeError: channel is null
1694074420564	geckodriver	INFO	Listening on 127.0.0.1:64971
1694074423630	mozrunner::runner	INFO	Running command: "C:\\Program Files\\Mozilla Firefox\\firefox.exe" "--marionette" "--remote-debugging-port" "64972" "--remote-allow-hosts" "localhost" "-no-remote" "-profile" "C:\\Users\\arnie\\AppData\\Local\\Temp\\rust_mozprofileOLujTH"
console.warn: services.settings: Ignoring preference override of remote settings server
console.warn: services.settings: Allow by setting MOZ_REMOTE_SETTINGS_DEVTOOLS=1 in the environment
1694074424012	Marionette	INFO	Marionette enabled
Dynamically enable window occlusion 0
1694074424114	Marionette	INFO	Listening on port 64981
Read port: 64981
WebDriver BiDi listening on ws://127.0.0.1:64972
1694074424900	RemoteAgent	WARN	TLS certificate errors will be ignored for this session
DevTools listening on ws://127.0.0.1:64972/devtools/browser/ad8e61c8-2aa7-446a-87ba-5d63fa28dce6
console.error: (new TypeError("this._searchProviderInfo is null", "resource:///modules/SearchSERPTelemetry.sys.mjs", 638))
JavaScript warning: https://pagead2.googlesyndication.com/bg/GMNNf8dPzMFRWE2GFsJAeeYNxVBqAV2Fx36SZG50-nU.js line 2 > eval line 5621 > eval line 1 > eval line 1 > eval, line 1: WEBGL_debug_renderer_info is deprecated in Firefox and will be removed. Please use RENDERER.
console.warn: services.settings: Ignoring preference override of remote settings server
console.warn: services.settings: Allow by setting MOZ_REMOTE_SETTINGS_DEVTOOLS=1 in the environment
console.error: (new TypeError("lazy.AsyncShutdown.profileBeforeChange is undefined", "resource://services-settings/Database.sys.mjs", 593))
1694074459630	geckodriver	INFO	Listening on 127.0.0.1:65075
1694074462688	mozrunner::runner	INFO	Running command: "C:\\Program Files\\Mozilla Firefox\\firefox.exe" "--marionette" "--remote-debugging-port" "65076" "--remote-allow-hosts" "localhost" "-no-remote" "-profile" "C:\\Users\\arnie\\AppData\\Local\\Temp\\rust_mozprofilePcJK4D"
console.warn: services.settings: Ignoring preference override of remote settings server
console.warn: services.settings: Allow by setting MOZ_REMOTE_SETTINGS_DEVTOOLS=1 in the environment
1694074463075	Marionette	INFO	Marionette enabled
Dynamically enable window occlusion 0
1694074463161	Marionette	INFO	Listening on port 65085
WebDriver BiDi listening on ws://127.0.0.1:65076
Read port: 65085
1694074465420	RemoteAgent	WARN	TLS certificate errors will be ignored for this session
DevTools listening on ws://127.0.0.1:65076/devtools/browser/d1ec2c80-4df0-4a29-8e47-186a65ecc6f8
console.error: (new TypeError("this._searchProviderInfo is null", "resource:///modules/SearchSERPTelemetry.sys.mjs", 638))
JavaScript warning: https://pagead2.googlesyndication.com/bg/GMNNf8dPzMFRWE2GFsJAeeYNxVBqAV2Fx36SZG50-nU.js line 2 > eval line 5059 > eval line 1 > eval line 1 > eval, line 1: WEBGL_debug_renderer_info is deprecated in Firefox and will be removed. Please use RENDERER.
console.warn: services.settings: Ignoring preference override of remote settings server
console.warn: services.settings: Allow by setting MOZ_REMOTE_SETTINGS_DEVTOOLS=1 in the environment
console.error: (new TypeError("lazy.AsyncShutdown.profileBeforeChange is undefined", "resource://services-settings/Database.sys.mjs", 593))
1694074515918	geckodriver	INFO	Listening on 127.0.0.1:65185
1694074518983	mozrunner::runner	INFO	Running command: "C:\\Program Files\\Mozilla Firefox\\firefox.exe" "--marionette" "--remote-debugging-port" "65186" "--remote-allow-hosts" "localhost" "-no-remote" "-profile" "C:\\Users\\arnie\\AppData\\Local\\Temp\\rust_mozprofileBk3N80"
console.warn: services.settings: Ignoring preference override of remote settings server
console.warn: services.settings: Allow by setting MOZ_REMOTE_SETTINGS_DEVTOOLS=1 in the environment
1694074519371	Marionette	INFO	Marionette enabled
Dynamically enable window occlusion 0
1694074519457	Marionette	INFO	Listening on port 65194
Read port: 65194
WebDriver BiDi listening on ws://127.0.0.1:65186
1694074520298	RemoteAgent	WARN	TLS certificate errors will be ignored for this session
DevTools listening on ws://127.0.0.1:65186/devtools/browser/b26550be-1f28-4f22-a3dc-d853b8d02d10
console.error: (new TypeError("this._searchProviderInfo is null", "resource:///modules/SearchSERPTelemetry.sys.mjs", 638))
JavaScript warning: https://pagead2.googlesyndication.com/bg/GMNNf8dPzMFRWE2GFsJAeeYNxVBqAV2Fx36SZG50-nU.js line 2 > eval line 986 > eval line 1 > eval line 1 > eval, line 1: WEBGL_debug_renderer_info is deprecated in Firefox and will be removed. Please use RENDERER.
console.warn: services.settings: Ignoring preference override of remote settings server
console.warn: services.settings: Allow by setting MOZ_REMOTE_SETTINGS_DEVTOOLS=1 in the environment
console.error: (new TypeError("lazy.AsyncShutdown.profileBeforeChange is undefined", "resource://services-settings/Database.sys.mjs", 593))
JavaScript warning: https://www.googletagservices.com/activeview/js/current/rx_lidar.js?cache=r20110914, line 74: Script terminated by timeout at:
gc@https://www.googletagservices.com/activeview/js/current/rx_lidar.js?cache=r20110914:74:16
I@https://www.googletagservices.com/activeview/js/current/rx_lidar.js?cache=r20110914:72:711
m.subscribe@https://www.googletagservices.com/activeview/js/current/rx_lidar.js?cache=r20110914:76:844
Sj/c/<@https://www.googletagservices.com/activeview/js/current/rx_lidar.js?cache=r20110914:183:268
m.sd@https://www.googletagservices.com/activeview/js/current/rx_lidar.js?cache=r20110914:77:34
m.subscribe@https://www.googletagservices.com/activeview/js/current/rx_lidar.js?cache=r20110914:76:946
Xc@https://www.googletagservices.com/activeview/js/current/rx_lidar.js?cache=r20110914:89:110
m.m@https://www.googletagservices.com/activeview/js/current/rx_lidar.js?cache=r20110914:114:562
m.next@https://www.googletagservices.com/activeview/js/current/rx_lidar.js?cache=r20110914:72:859
xd.prototype.m@https://www.googletagservices.com/activeview/js/current/rx_lidar.js?cache=r20110914:97:1267
m.next@https://www.googletagservices.com/activeview/js/current/rx_lidar.js?cache=r20110914:72:859
m.pa@https://www.googletagservices.com/activeview/js/current/rx_lidar.js?cache=r20110914:98:367
Vc.prototype.m@https://www.googletagservices.com/activeview/js/current/rx_lidar.js?cache=r20110914:87:1378
m.next@https://www.googletagservices.com/activeview/js/current/rx_lidar.js?cache=r20110914:72:859
Sj/c/</</<@https://www.googletagservices.com/activeview/js/current/rx_lidar.js?cache=r20110914:183:320
Qa@https://www.googletagservices.com/activeview/js/current/rx_lidar.js?cache=r20110914:44:339
Na.prototype.flush@https://www.googletagservices.com/activeview/js/current/rx_lidar.js?cache=r20110914:44:127
Pa@https://www.googletagservices.com/activeview/js/current/rx_lidar.js?cache=r20110914:43:330
Sj/c/</<@https://www.googletagservices.com/activeview/js/current/rx_lidar.js?cache=r20110914:183:292
m.nd@https://www.googletagservices.com/activeview/js/current/rx_lidar.js?cache=r20110914:75:425
m.next@https://www.googletagservices.com/activeview/js/current/rx_lidar.js?cache=r20110914:74:439
m.m@https://www.googletagservices.com/activeview/js/current/rx_lidar.js?cache=r20110914:73:223
m.next@https://www.googletagservices.com/activeview/js/current/rx_lidar.js?cache=r20110914:72:859
Bj/</</</<@https://www.googletagservices.com/activeview/js/current/rx_lidar.js?cache=r20110914:175:362
zj/<@https://www.googletagservices.com/activeview/js/current/rx_lidar.js?cache=r20110914:174:1013
Ma.prototype.La/<@https://www.googletagservices.com/activeview/js/current/rx_lidar.js?cache=r20110914:43:162
Bj/</</<@https://www.googletagservices.com/activeview/js/current/rx_lidar.js?cache=r20110914:175:371
m.nd@https://www.googletagservices.com/activeview/js/current/rx_lidar.js?cache=r20110914:75:425
m.next@https://www.googletagservices.com/activeview/js/current/rx_lidar.js?cache=r20110914:74:439
m.m@https://www.googletagservices.com/activeview/js/current/rx_lidar.js?cache=r20110914:73:223
m.next@https://www.googletagservices.com/activeview/js/current/rx_lidar.js?cache=r20110914:72:859
Bj/</</</<@https://www.googletagservices.com/activeview/js/current/rx_lidar.js?cache=r20110914:175:362
zj/<@https://www.googletagservices.com/activeview/js/current/rx_lidar.js?cache=r20110914:174:1013
Ma.prototype.La/<@https://www.googletagservices.com/activeview/js/current/rx_lidar.js?cache=r20110914:43:162
Bj/</</<@https://www.googletagservices.com/activeview/js/current/rx_lidar.js?cache=r20110914:175:371
m.nd@https://www.googletagservices.com/activeview/js/current/rx_lidar.js?cache=r20110914:75:425
m.next@https://www.googletagservices.com/activeview/js/current/rx_lidar.js?cache=r20110914:74:439
m.m@https://www.googletagservices.com/activeview/js/current/rx_lidar.js?cache=r20110914:73:223
m.next@https://www.googletagservices.com/activeview/js/current/rx_lidar.js?cache=r20110914:72:859
md/</<@https://www.googletagservices.com/activeview/js/current/rx_lidar.js?cache=r20110914:93:671

JavaScript error: , line 0: TypeError: NetworkError when attempting to fetch resource.
JavaScript error: , line 0: TypeError: NetworkError when attempting to fetch resource.
JavaScript error: , line 0: TypeError: NetworkError when attempting to fetch resource.
JavaScript warning: https://pagead2.googlesyndication.com/bg/GMNNf8dPzMFRWE2GFsJAeeYNxVBqAV2Fx36SZG50-nU.js line 2 > eval line 3986 > eval line 1 > eval line 1 > eval, line 1: WEBGL_debug_renderer_info is deprecated in Firefox and will be removed. Please use RENDERER.
JavaScript warning: https://pagead2.googlesyndication.com/bg/3m8HFB-ShPtDzcYempcQY_ASUwv-AHBHVawPPC3Nvm0.js line 2 > eval line 5892 > eval line 1 > eval line 1 > eval, line 1: WEBGL_debug_renderer_info is deprecated in Firefox and will be removed. Please use RENDERER.
JavaScript warning: https://pagead2.googlesyndication.com/bg/GMNNf8dPzMFRWE2GFsJAeeYNxVBqAV2Fx36SZG50-nU.js line 2 > eval line 1322 > eval line 1 > eval line 1 > eval, line 1: WEBGL_debug_renderer_info is deprecated in Firefox and will be removed. Please use RENDERER.
JavaScript warning: https://pagead2.googlesyndication.com/bg/GMNNf8dPzMFRWE2GFsJAeeYNxVBqAV2Fx36SZG50-nU.js line 2 > eval line 1604 > eval line 1 > eval line 1 > eval, line 1: WEBGL_debug_renderer_info is deprecated in Firefox and will be removed. Please use RENDERER.
JavaScript warning: https://pagead2.googlesyndication.com/bg/GMNNf8dPzMFRWE2GFsJAeeYNxVBqAV2Fx36SZG50-nU.js line 2 > eval line 4123 > eval line 1 > eval line 1 > eval, line 1: WEBGL_debug_renderer_info is deprecated in Firefox and will be removed. Please use RENDERER.
JavaScript warning: moz-extension://ca7f5606-5e1d-4eed-bbfa-5071a581ad04/lib/filter/antibanner.js, line 1176: unreachable code after return statement
JavaScript error: resource://gre/modules/ConduitsChild.sys.mjs, line 108: Error: sendRemoveListener on closed conduit adblockultimate@adblockultimate.net.137438953845
JavaScript warning: moz-extension://ca7f5606-5e1d-4eed-bbfa-5071a581ad04/lib/filter/antibanner.js, line 1176: unreachable code after return statement
JavaScript error: resource://gre/modules/ExtensionContent.sys.mjs, line 496: TypeError: window is null
JavaScript warning: https://addons.mozilla.org/static-frontend/amo-252c24fdda3581ee6bf1.js, line 7: Script terminated by timeout at:
eo/<@https://addons.mozilla.org/static-frontend/amo-252c24fdda3581ee6bf1.js:7:5052
t@https://addons.mozilla.org/static-frontend/amo-252c24fdda3581ee6bf1.js:7:4912

JavaScript warning: https://www.googletagmanager.com/gtag/js1694074638729	mozrunner::runner	INFO	Running command: "C:\\Program Files\\Mozilla Firefox\\firefox.exe" "--marionette" "--remote-debugging-port" "62633" "--remote-allow-hosts" "localhost" "-no-remote" "-profile" "C:\\Users\\arnie\\AppData\\Local\\Temp\\rust_mozprofileiLjKc1"
console.warn: services.settings: Ignoring preference override of remote settings server
console.warn: services.settings: Allow by setting MOZ_REMOTE_SETTINGS_DEVTOOLS=1 in the environment
1694074639188	Marionette	INFO	Marionette enabled
Dynamically enable window occlusion 0
1694074639284	Marionette	INFO	Listening on port 62642
WebDriver BiDi listening on ws://127.0.0.1:62633
Read port: 62642
Read port: 62642
Read port: 62642
1694074641907	RemoteAgent	WARN	TLS certificate errors will be ignored for this session
DevTools listening on ws://127.0.0.1:62633/devtools/browser/5c969b06-bf4b-4882-b9d2-c8387be0c760
console.error: (new TypeError("this._searchProviderInfo is null", "resource:///modules/SearchSERPTelemetry.sys.mjs", 638))
JavaScript warning: https://pagead2.googlesyndication.com/bg/GMNNf8dPzMFRWE2GFsJAeeYNxVBqAV2Fx36SZG50-nU.js line 2 > eval line 255 > eval line 1 > eval line 1 > eval, line 1: WEBGL_debug_renderer_info is deprecated in Firefox and will be removed. Please use RENDERER.
console.warn: services.settings: Ignoring preference override of remote settings server
console.warn: services.settings: Allow by setting MOZ_REMOTE_SETTINGS_DEVTOOLS=1 in the environment
console.error: (new TypeError("lazy.AsyncShutdown.profileBeforeChange is undefined", "resource://services-settings/Database.sys.mjs", 593))
l=dataLayer&cx=c:427:266
aw.prototype.push@https://www.googletagmanager.com/gtag/js?id=G-D1S6FHTY5M&l=dataLayer&cx=c:425:207
Uv@https://www.googletagmanager.com/gtag/js?id=G-D1S6FHTY5M&l=dataLayer&cx=c:422:712
kF/<@https://www.googletagmanager.com/gtag/js?id=G-D1S6FHTY5M&l=dataLayer&cx=c:560:153
aa.vk/<@https://www.googletagmanager.com/gtag/js?id=G-D1S6FHTY5M&l=dataLayer&cx=c:510:126
aa.vk/c/<@https://www.googletagmanager.com/gtag/js?id=G-D1S6FHTY5M&l=dataLayer&cx=c:509:420

JavaScript error: resource://gre/modules/ConduitsChild.sys.mjs, line 108: Error: sendRemoveListener on closed conduit adblockultimate@adblockultimate.net.137438953916
1694074638492	Marionette	INFO	Stopped listening on port 65194
Dynamically enable window occlusion 1
JavaScript error: , line 0: TypeError: NetworkError when attempting to fetch resource.
JavaScript error: , line 0: TypeError: NetworkError when attempting to fetch resource.
JavaScript error: , line 0: TypeError: NetworkError when attempting to fetch resource.
JavaScript error: , line 0: TypeError: NetworkError when attempting to fetch resource.
JavaScript error: , line 0: TypeError: NetworkError when attempting to fetch resource.
JavaScript error: , line 0: TypeError: NetworkError when attempting to fetch resource.
1694074652103	geckodriver	INFO	Listening on 127.0.0.1:62701
1694074655167	mozrunner::runner	INFO	Running command: "C:\\Program Files\\Mozilla Firefox\\firefox.exe" "--marionette" "--remote-debugging-port" "62702" "--remote-allow-hosts" "localhost" "-no-remote" "-profile" "C:\\Users\\arnie\\AppData\\Local\\Temp\\rust_mozprofilex66D7K"
console.warn: services.settings: Ignoring preference override of remote settings server
console.warn: services.settings: Allow by setting MOZ_REMOTE_SETTINGS_DEVTOOLS=1 in the environment
1694074655554	Marionette	INFO	Marionette enabled
Dynamically enable window occlusion 0
1694074655632	Marionette	INFO	Listening on port 62738
WebDriver BiDi listening on ws://127.0.0.1:62702
Read port: 62738
Read port: 62738
1694074662188	RemoteAgent	WARN	TLS certificate errors will be ignored for this session
console.error: Region.sys.mjs: "Error fetching region" (new AbortError("The operation was aborted. ", (void 0), 757))
console.error: Region.sys.mjs: "Failed to fetch region" (new Error("NO_RESULT", "resource://gre/modules/Region.sys.mjs", 411))
DevTools listening on ws://127.0.0.1:62702/devtools/browser/4328328a-166d-4809-9935-cdfbdc4917e9
console.error: (new TypeError("this._searchProviderInfo is null", "resource:///modules/SearchSERPTelemetry.sys.mjs", 638))
1694074721999	geckodriver	INFO	Listening on 127.0.0.1:62893
1694074725054	mozrunner::runner	INFO	Running command: "C:\\Program Files\\Mozilla Firefox\\firefox.exe" "--marionette" "--remote-debugging-port" "62894" "--remote-allow-hosts" "localhost" "-no-remote" "-profile" "C:\\Users\\arnie\\AppData\\Local\\Temp\\rust_mozprofileAD9CN5"
console.warn: services.settings: Ignoring preference override of remote settings server
console.warn: services.settings: Allow by setting MOZ_REMOTE_SETTINGS_DEVTOOLS=1 in the environment
1694074725438	Marionette	INFO	Marionette enabled
Dynamically enable window occlusion 0
1694074725523	Marionette	INFO	Listening on port 62904
WebDriver BiDi listening on ws://127.0.0.1:62894
Read port: 
1694074725627	geckodriver::browser	WARN	Failed fo convert  to u16
Read port: 62904
Read port: 62904
Read port: 62904
1694074728489	RemoteAgent	WARN	TLS certificate errors will be ignored for this session
DevTools listening on ws://127.0.0.1:62894/devtools/browser/4641c61e-07e2-4bd6-b629-90747c36a67d
console.error: (new TypeError("this._searchProviderInfo is null", "resource:///modules/SearchSERPTelemetry.sys.mjs", 638))
JavaScript warning: https://pagead2.googlesyndication.com/bg1694074747445	mozrunner::runner	INFO	Running command: "C:\\Program Files\\Mozilla Firefox\\firefox.exe" "--marionette" "--remote-debugging-port" "62987" "--remote-allow-hosts" "localhost" "-no-remote" "-profileJavaScript warning: https://www.googletagservices.com/activeview/js/current/rx_lidar.js?cache=r20110914, line 75: Script terminated by timeout at:
m.nd@https://www.googletagservices.com/activeview/js/current/rx_lidar.js?cache=r20110914:75:413
m.next@https://www.googletagservices.com/activeview/js/current/rx_lidar.js?cache=r20110914:74:439
m.m@https://www.googletagservices.com/activeview/js/current/rx_lidar.js?cache=r20110914:73:223
m.next@https://www.googletagservices.com/activeview/js/current/rx_lidar.js?cache=r20110914:72:859
jd.prototype.pa@https://www.googletagservices.com/activeview/js/current/rx_lidar.js?cache=r20110914:93:172
Uc.prototype.m@https://www.googletagservices.com/activeview/js/current/rx_lidar.js?cache=r20110914:87:1090
m.next@https://www.googletagservices.com/activeview/js/current/rx_lidar.j1694076358848	Marionette	INFO	Stopped listening on port 62996
Dynamically enable window occlusion 1
JavaScript warning: https://www.google.com/js/th/YrBCSterhsz94EJsjD3v7ys0foxm0QN59WDQGgS59_8.js line 2 > eval line 4502 > eval line 1 > eval line 1 > eval, line 1: WEBGL_debug_renderer_info is deprecated in Firefox and will be removed. Please use RENDERER.
googletagservices.com/activeview/js/current/rx_lidar.js?cache=r20110914:72:859
Sj/c/</</<@https://www.googletagservices.com/activeview/js/current/rx_lidar.js?cache=r20110914:183:320
Qa@https://www.googletagservices.com/activeview/js/current/rx_lidar.js?cache=r20110914:44:339
Na.prototype.flush@https://www.googletagservices.com/activeview/js/current/rx_lidar.js?cache=r20110914:44:127
Pa@https://www.googletagservices.com/activeview/js/current/rx_lidar.js?cache=r20110914:43:330
Sj/c/</<@https://www.googletagservices.com/activeview/js/current/rx_lidar.js?cache=r20110914:183:292
m.nd@https://www.googletagservices.com/activeview/js/current/rx_lidar.js?cache=r20110914:75:425
m.next@https://www.googletagservices.com/activeview/js/current/rx_lidar.js?cache=r20110914:74:439
m.m@https://www.googletagservices.com/activeview/js/current/rx_lidar.js?cache=r20110914:73:223
m.next@https://www.googletagservices.com/activeview/js/current/rx_lidar.js?cache=r20110914:72:859
Bj/</</</<@https://www.googletagservices.com/activeview/js/current/rx_lidar.js?cache=r20110914:175:362
zj/<@https://www.googletagservices.com/activeview/js/current/rx_lidar.js?cache=r20110914:174:1013
Ma.prototype.La/<@https://www.googletagservices.com/activeview/js/current/rx_lidar.js?cache=r20110914:43:162
Bj/</</<@https://www.googletagservices.com/activeview/js/current/rx_lidar.js?cache=r20110914:175:371
m.nd@https://www.googletagservices.com/activeview/js/current/rx_lidar.js?cache=r20110914:75:425
m.next@https://www.googletagservices.com/activeview/js/current/rx_lidar.js?cache=r20110914:74:439
m.m@https://www.googletagservices.com/activeview/js/current/rx_lidar.js?cache=r20110914:73:223
m.next@https://www.googletagservices.com/activeview/js/current/rx_lidar.js?cache=r20110914:72:859
Bj/</</</<@https://www.googletagservices.com/activeview/js/current/rx_lidar.js?cache=r20110914:175:362
zj/<@https://www.googletagservices.com/activeview/js/current/rx_lidar.js?cache=r20110914:174:1013
Ma.prototype.La/<@https://www.googletagservices.com/activeview/js/current/rx_lidar.js?cache=r20110914:43:162
Bj/</</<@https://www.googletagservices.com/activeview/js/current/rx_lidar.js?cache=r20110914:175:371
m.nd@https://www.googletagservices.com/activeview/js/current/rx_lidar.js?cache=r20110914:75:425
m.next@https://www.googletagservices.com/activeview/js/current/rx_lidar.js?cache=r20110914:74:439
m.m@https://www.googletagservices.com/activeview/js/current/rx_lidar.js?cache=r20110914:73:223
m.next@https://www.googletagservices.com/activeview/js/current/rx_lidar.js?cache=r20110914:72:859
md/</<@https://www.googletagservices.com/activeview/js/current/rx_lidar.js?cache=r20110914:93:671

JavaScript error: , line 0: TypeError: NetworkError when attempting to fetch resource.
JavaScript error: , line 0: TypeError: NetworkError when attempting to fetch resource.
JavaScript error: , line 0: TypeError: NetworkError when attempting to fetch resource.
JavaScript error: , line 0: TypeError: NetworkError when attempting to fetch resource.
JavaScript warning: https://pagead2.googlesyndication.com/bg/GMNNf8dPzMFRWE2GFsJAeeYNxVBqAV2Fx36SZG50-nU.js line 2 > eval line 4296 > eval line 1 > eval line 1 > eval, line 1: WEBGL_debug_renderer_info is deprecated in Firefox and will be removed. Please use RENDERER.
JavaScript warning: https://pagead2.googlesyndication.com/bg/GMNNf8dPzMFRWE2GFsJAeeYNxVBqAV2Fx36SZG50-nU.js line 2 > eval line 6999 > eval line 1 > eval line 1 > eval, line 1: WEBGL_debug_renderer_info is deprecated in Firefox and will be removed. Please use RENDERER.
JavaScript warning: https://pagead2.googlesyndication.com/bg/GMNNf8dPzMFRWE2GFsJAeeYNxVBqAV2Fx36SZG50-nU.js line 2 > eval line 4843 > eval line 1 > eval line 1 > eval, line 1: WEBGL_debug_renderer_info is deprecated in Firefox and will be removed. Please use RENDERER.
JavaScript warning: https://pagead2.googlesyndication.com/bg/GMNNf8dPzMFRWE2GFsJAeeYNxVBqAV2Fx36SZG50-nU.js line 2 > eval line 1338 > eval line 1 > eval line 1 > eval, line 1: WEBGL_debug_renderer_info is deprecated in Firefox and will be removed. Please use RENDERER.
JavaScript warning: https://pagead2.googlesyndication.com/bg/GMNNf8dPzMFRWE2GFsJAeeYNxVBqAV2Fx36SZG50-nU.js line 2 > eval line 3964 > eval line 1 > eval line 1 > eval, line 1: WEBGL_debug_renderer_info is deprecated in Firefox and will be removed. Please use RENDERER.
JavaScript warning: https://pagead2.googlesyndication.com/bg/GMNNf8dPzMFRWE2GFsJAeeYNxVBqAV2Fx36SZG50-nU.js line 2 > eval line 5776 > eval line 1 > eval line 1 > eval, line 1: WEBGL_debug_renderer_info is deprecated in Firefox and will be removed. Please use RENDERER.
JavaScript warning: https://www.googletagmanager.com/gtag/js?id=G-D1S6FHTY5M&l=dataLayer&cx=c, line 172: Script terminated by timeout at:
ib@https://www.googletagmanager.com/gtag/js?id=G-D1S6FHTY5M&l=dataLayer&cx=c:172:90
lb@https://www.googletagmanager.com/gtag/js?id=G-D1S6FHTY5M&l=dataLayer&cx=c:173:49
bw@https://www.googletagmanager.com/gtag/js?id=G-D1S6FHTY5M&l=dataLayer&cx=c:423:221
aw.prototype.flush@https://www.googletagmanager.com/gtag/js?id=G-D1S6FHTY5M&l=dataLayer&cx=c:427:266
aw.prototype.push@https://www.googletagmanager.com/gtag/js?id=G-D1S6FHTY5M&l=dataLayer&cx=c:425:207
Uv@https://www.googletagmanager.com/gtag/js?id=G-D1S6FHTY5M&l=dataLayer&cx=c:422:712
kF/<@https://www.googletagmanager.com/gtag/js?id=G-D1S6FHTY5M&l=dataLayer&cx=c:560:153
aa.vk/<@https://www.googletagmanager.com/gtag/js?id=G-D1S6FHTY5M&l=dataLayer&cx=c:510:126
aa.vk/c/<@https://www.googletagmanager.com/gtag/js?id=G-D1S6FHTY5M&l=dataLayer&cx=c:509:420

JavaScript warning: https://www.googletagservices.com/activeview/js/current/rx_lidar.js?cache=r20110914, line 72: Script terminated by timeout at:
m.next@https://www.googletagservices.com/activeview/js/current/rx_lidar.js?cache=r20110914:72:842
md/</<@https://www.googletagservices.com/activeview/js/current/rx_lidar.js?cache=r20110914:93:671

1694076359830	Marionette	INFO	Stopped listening on port 62904
Dynamically enable window occlusion 1
JavaScript error: , line 0: TypeError: NetworkError when attempting to fetch resource.
JavaScript error: , line 0: TypeError: NetworkError when attempting to fetch resource.
JavaScript error: , line 0: TypeError: NetworkError when attempting to fetch resource.
JavaScript error: , line 0: TypeError: NetworkError when attempting to fetch resource.
JavaScript error: , line 0: TypeError: NetworkError when attempting to fetch resource.

stop@https://www.googletagmanager.com/gtag/js?id=G-T1PCPR70M3&l=dataLayer&cx=c:448:87
aa.vk/c/<@https://www.googletagmanager.com/gtag/js?id=G-T1PCPR70M3&l=dataLayer&cx=c:448:412

1694075274105	Marionette	INFO	Stopped listening on port 63643
Dynamically enable window occlusion 1
JavaScript error: , line 0: TypeError: NetworkError when attempting to fetch resource.
JavaScript error: , line 0: TypeError: NetworkError when attempting to fetch resource.
new TypeError("this._searchProviderInfo is null", "resource:///modules/SearchSERPTelemetry.sys.mjs", 638))
JavaScript warning: https://www.googletagmanager.com/gtag/js1694075274992	mozrunner::runner	INFO	Running command: "C:\\Program Files\\Mozilla Firefox\\firefox.exe" "--marionette" "--remote-debugging-port" "63914" "--remote-allow-hosts" "localhost" "-no-remote" "-profile" "C:\\Users\\arnie\\AppData\\Local\\Temp\\rust_mozprofileAglw2Y"
console.warn: services.settings: Ignoring preference override of remote settings server
console.warn: services.settings: Allow by setting MOZ_REMOTE_SETTINGS_DEVTOOLS=1 in the environment
1694075277280	Marionette	INFO	Marionette enabled
Dynamically enable window occlusion 0
1694075277366	Marionette	INFO	Listening on port 63928
WebDriver BiDi listening on ws://127.0.0.1:63914
Read port: 63928
Read port: 63928
Read port: 63928
Read port: 63928
Read port: 63928
Read port: 63928
Read port: 63928
Read port: 63928
1694075285695	RemoteAgent	WARN	TLS certificate errors will be ignored for this session
console.error: Region.sys.mjs: "Error fetching region" (new AbortError("The operation was aborted. ", (void 0), 757))
console.error: Region.sys.mjs: "Failed to fetch region" (new Error("NO_RESULT", "resource://gre/modules/Region.sys.mjs", 411))
DevTools listening on ws://127.0.0.1:63914/devtools/browser/e2e3e094-00ba-4ba7-bcfc-ede141c25676
console.error: (new TypeError("this._searchProviderInfo is null", "resource:///modules/SearchSERPTelemetry.sys.mjs", 638))
JavaScript error: https://pagead2.googlesyndication.com/pagead/js/adsbygoogle.js?client=ca-pub-7740240375137244, line 83: TagError: adsbygoogle.push() error: No slot size for availableWidth=0
JavaScript error: https://pagead2.googlesyndication.com/pagead/js/adsbygoogle.js?client=ca-pub-7740240375137244, line 83: TagError: adsbygoogle.push() error: No slot size for availableWidth=0
JavaScript error: , line 0: uncaught exception: undefined
JavaScript warning: https://www.googletagservices.com/activeview/js/current/rx_lidar.js?cache=r20110914, line 87: Script terminated by timeout at:
Uc.prototype.m@https://www.googletagservices.com/activeview/js/current/rx_lidar.js?cache=r20110914:87:1074
m.next@https://www.googletagservices.com/activeview/js/current/rx_lidar.js?cache=r20110914:72:859
Kc.prototype.m@https://www.googletagservices.com/activeview/js/current/rx_lidar.js?cache=r20110914:85:601
m.next@https://www.googletagservices.com/activeview/js/current/rx_lidar.js?cache=r20110914:72:859
Sj/c/</</<@https://www.googletagservices.com/activeview/js/current/rx_lidar.js?cache=r20110914:183:320
Qa@https://www.googletagservices.com/activeview/js/current/rx_lidar.js?cache=r20110914:44:339
Na.prototype.flush@https://www.googletagservices.com/activeview/js/current/rx_lidar.js?cache=r20110914:44:127
Pa@https://www.googletagservices.com/activeview/js/current/rx_lidar.js?cache=r20110914:43:330
Sj/c/</<@https://www.googletagservices.com/activeview/js/current/rx_lidar.js?cache=r20110914:183:292
m.nd@https://www.googletagservices.com/activeview/js/current/rx_lidar.js?cache=r20110914:75:425
m.next@https://www.googletagservices.com/activeview/js/current/rx_lidar.js?cache=r20110914:74:439
m.m@https://www.googletagservices.com/activeview/js/current/rx_lidar.js?cache=r20110914:73:223
m.next@https://www.googletagservices.com/activeview/js/current/rx_lidar.js?cache=r20110914:72:859
Bj/</</</<@https://www.googletagservices.com/activeview/js/current/rx_lidar.js?cache=r20110914:175:362
zj/<@https://www.googletagservices.com/activeview/js/current/rx_lidar.js?cache=r20110914:174:1013
Ma.prototype.La/<@https://www.googletagservices.com/activeview/js/current/rx_lidar.js?cache=r20110914:43:162
Bj/</</<@https://www.googletagservices.com/activeview/js/current/rx_lidar.js?cache=r20110914:175:371
m.nd@https://www.googletagservices.com/activeview/js/current/rx_lidar.js?cache=r20110914:75:425
m.next@https://www.googletagservices.com/activeview/js/current/rx_lidar.js?cache=r20110914:74:439
m.m@https://www.googletagservices.com/activeview/js/current/rx_lidar.js?cache=r20110914:73:223
m.next@https://www.googletagservices.com/activeview/js/current/rx_lidar.js?cache=r20110914:72:859
Bj/</</</<@https://www.googletagservices.com/activeview/js/current/rx_lidar.js?cache=r20110914:175:362
zj/<@https://www.googletagservices.com/activeview/js/current/rx_lidar.js?cache=r20110914:174:1013
Ma.prototype.La/<@https://www.googletagservices.com/activeview/js/current/rx_lidar.js?cache=r20110914:43:162
Bj/</</<@https://www.googletagservices.com/activeview/js/current/rx_lidar.js?cache=r20110914:175:371
m.nd@https://www.googletagservices.com/activeview/js/current/rx_lidar.js?cache=r20110914:75:425
m.next@https://www.googletagservices.com/activeview/js/current/rx_lidar.js?cache=r20110914:74:439
m.m@https://www.googletagservices.com/activeview/js/current/rx_lidar.js?cache=r20110914:73:223
m.next@https://www.googletagservices.com/activeview/js/current/rx_lidar.js?cache=r20110914:72:859
md/</<@https://www.googletagservices.com/activeview/js/current/rx_lidar.js?cache=r20110914:93:671

JavaScript error: , line 0: TypeError: NetworkError when attempting to fetch resource.
JavaScript error: , line 0: TypeError: NetworkError when attempting to fetch resource.
JavaScript error: , line 0: TypeError: NetworkError when attempting to fetch resource.
JavaScript error: https://pagead2.googlesyndication.com/pagead/js/adsbygoogle.js?client=ca-pub-7740240375137244, line 83: TagError: adsbygoogle.push() error: No slot size for availableWidth=0
JavaScript warning: https://pagead2.googlesyndication.com/bg/GMNNf8dPzMFRWE2GFsJAeeYNxVBqAV2Fx36SZG50-nU.js line 2 > eval line 2062 > eval line 1 > eval line 1 > eval, line 1: WEBGL_debug_renderer_info is deprecated in Firefox and will be removed. Please use RENDERER.
console.error: Region.sys.mjs: "Error fetching region" (new Error("TIMEOUT", "resource://gre/modules/Region.sys.mjs", 759))
console.error: Region.sys.mjs: "Failed to fetch region" (new Error("TIMEOUT", "resource://gre/modules/Region.sys.mjs", 411))
JavaScript warning: https://pagead2.googlesyndication.com/bg/GMNNf8dPzMFRWE2GFsJAeeYNxVBqAV2Fx36SZG50-nU.js line 2 > eval line 6586 > eval line 1 > eval line 1 > eval, line 1: WEBGL_debug_renderer_info is deprecated in Firefox and will be removed. Please use RENDERER.
JavaScript warning: https://minuteinbox.b-cdn.net/js/jquery.min.js, line 3: Script terminated by timeout at:
fix@https://minuteinbox.b-cdn.net/js/jquery.min.js:3:11334
c@https://minuteinbox.b-cdn.net/js/jquery.min.js:4:6951

1694075319888	Marionette	INFO	Stopped listening on port 63928
Dynamically enable window occlusion 1
console.error: services.settings: 
  Message: NetworkError: Network error: TypeError: NetworkError: Network request failed
  Stack:
    APIError@resource://services-settings/RemoteSettingsClient.sys.mjs:107:1
NetworkError@resource://services-settings/RemoteSettingsClient.sys.mjs:111:5
_adjustedError@resource://services-settings/RemoteSettingsClient.sys.mjs:907:14
maybeSync@resource://services-settings/RemoteSettingsClient.sys.mjs:812:38

console.warn: services.settings: main/doh-config sync interrupted by shutdown
console.warn: services.settings: main/devtools-devices sync interrupted by shutdown
console.warn: services.settings: main/websites-with-shared-credential-backends sync interrupted by shutdown
JavaScript error: , line 0: TypeError: NetworkError when attempting to fetch resource.
console.warn: services.settings: main/language-dictionaries sync interrupted by shutdown
console.warn: services.settings: main/password-recipes sync interrupted by shutdown
console.warn: services.settings: main/password-rules sync interrupted by shutdown
console.warn: services.settings: main/translations-identification-models sync interrupted by shutdown
console.warn: services.settings: main/translations-wasm sync interrupted by shutdown
console.warn: services.settings: main/fxmonitor-breaches sync interrupted by shutdown
console.warn: services.settings: main/search-config sync interrupted by shutdown
console.error: (new AbortError("IndexedDB: main/cookie-banner-rules-list getLastModified() IndexedDB:  execute() A request was aborted, for example through a call to IDBTransaction.abort.", "resource://services-settings/IDBHelpers.sys.mjs", 16))
1694075332272	geckodriver	INFO	Listening on 127.0.0.1:64137
1694075335325	mozrunner::runner	INFO	Running command: "C:\\Program Files\\Mozilla Firefox\\firefox.exe" "--marionette" "--remote-debugging-port" "64138" "--remote-allow-hosts" "localhost" "-no-remote" "-profile" "C:\\Users\\arnie\\AppData\\Local\\Temp\\rust_mozprofileaHmJVz"
console.warn: services.settings: Ignoring preference override of remote settings server
console.warn: services.settings: Allow by setting MOZ_REMOTE_SETTINGS_DEVTOOLS=1 in the environment
1694075336004	Marionette	INFO	Marionette enabled
Dynamically enable window occlusion 0
1694075336098	Marionette	INFO	Listening on port 64148
WebDriver BiDi listening on ws://127.0.0.1:64138
Read port: 64148
Read port: 64148
Read port: 64148
1694075338812	RemoteAgent	WARN	TLS certificate errors will be ignored for this session
DevTools listening on ws://127.0.0.1:64138/devtools/browser/9b1a9ede-d3c9-48b6-a5a9-719993603379
console.error: (new TypeError("this._searchProviderInfo is null", "resource:///modules/SearchSERPTelemetry.sys.mjs", 638))
console.error: (new TypeError("linkMap is undefined", "resource://gre/modules/NewTabUtils.sys.mjs", 2001))
JavaScript error: https://pagead2.googlesyndication.com/pagead/js/adsbygoogle.js?client=ca-pub-7740240375137244, line 83: TagError: adsbygoogle.push() error: No slot size for availableWidth=0
JavaScript error: https://pagead2.googlesyndication.com/pagead/js/adsbygoogle.js?client=ca-pub-7740240375137244, line 83: TagError: adsbygoogle.push() error: No slot size for availableWidth=0
1694075357087	geckodriver	INFO	Listening on 127.0.0.1:64378
1694075360150	mozrunner::runner	INFO	Running command: "C:\\Program Files\\Mozilla Firefox\\firefox.exe" "--marionette" "--remote-debugging-port" "64379" "--remote-allow-hosts" "localhost" "-no-remote" "-profile" "C:\\Users\\arnie\\AppData\\Local\\Temp\\rust_mozprofileSwgKZq"
console.warn: services.settings: Ignoring pJavaScript warning: https://www.googletagservices.com/activeview/js/current/rx_lidar.js?cache=r20110914, line 72: Script terminated by timeout at:
m.next@https://www.googletagservices.com/activeview/js/current/rx_lidar.js?cache=r20110914:72:842
Kc.prototype.m@https://www.googletagservices.com/activeview/js/current/rx_lidar.js?cache=r20110914:85:601
m.next@https://www.googletagservices.com/activeview/js/current/rx_lidar.js?cache=r20110914:72:859
Ee.prototype.m@https://www.googletagservices.com/activeview/js/current/rx_lidar.js?cache=r20110914:108:248
m.next@https://www.googletagservices.com/activeview/js/current/rx_lidar.js?cache=r20110914:72:859
m.pa@https://www.googletagservices.com/activeview/js/current/rx_lidar.js?cache=r20110914:115:219
Uc.prototype.m@https://www.googletagservices.com/activeview/js/current/rx_lidar.js?cache=r20110914:87:1090
m.next@https://www.googletagservices.com/activeview/js/current/rx_lidar.js?cache=r20110914:72:859
SJavaScript warning: https://www.googletagmanager.com/gtag/js?id=G-DSYZ9DK9R6, line 166: Script terminated by timeout at:
ob@https://www.googletagmanager.com/gtag/js?id=G-DSYZ9DK9R6:166:504
aa.get@https://www.googletagmanager.com/gtag/js?id=G-DSYZ9DK9R6:167:252
Ud/<@https://www.googletagmanager.com/gtag/js?id=G-DSYZ9DK9R6:197:311
ed.prototype.invoke@https://www.googletagmanager.com/gtag/js?id=G-DSYZ9DK9R6:178:1160
NF/<@https://www.googletagmanager.com/gtag/js?id=G-DSYZ9DK9R6:580:486
zp@https://www.googletagmanager.com/gtag/js?id=G-DSYZ9DK9R6:376:231
aa.hm@https://www.googletagmanager.com/gtag/js?id=G-DSYZ9DK9R6:568:27
aa.gm/k/<@https://www.googletagmanager.com/gtag/js?id=G-DSYZ9DK9R6:553:494
Nj@https://www.googletagmanager.com/gtag/js?id=G-DSYZ9DK9R6:295:235
Zj@https://www.googletagmanager.com/gtag/js?id=G-DSYZ9DK9R6:297:349
k@https://www.googletagmanager.com/gtag/js?id=G-DSYZ9DK9R6:553:480
c@https://www.googletagmanager.com/gtag/js?id=G-DSYZ9DK9R6:339:169
tn@https://www.googletagmanager.com/gtag/js?id=G-DSYZ9DK9R6:340:269
aa.gm@https://www.googletagmanager.com/gtag/js?id=G-DSYZ9DK9R6:554:13
c@https://www.googletagmanager.com/gtag/js?id=G-DSYZ9DK9R6:573:694
bw@https://www.googletagmanager.com/gtag/js?id=G-DSYZ9DK9R6:417:298
aw.prototype.flush@https://www.googletagmanager.com/gtag/js?id=G-DSYZ9DK9R6:420:266
aw.prototype.push@https://www.googletagmanager.com/gtag/js?id=G-DSYZ9DK9R6:418:207
Uv@https://www.googletagmanager.com/gtag/js?id=G-DSYZ9DK9R6:415:712
kF/<@https://www.googletagmanager.com/gtag/js?id=G-DSYZ9DK9R6:574:153
aa.vk/<@https://www.googletagmanager.com/gtag/js?id=G-DSYZ9DK9R6:524:126
aa.vk/c/<@https://www.googletagmanager.com/gtag/js?id=G-DSYZ9DK9R6:523:420

1694075520890	Marionette	INFO	Stopped listening on port 64402
Dynamically enable window occlusion 1
JavaScript warning: https://www.google.com/js/th/YrBCSterhsz94EJsjD3v7ys0foxm0QN59WDQGgS59_8.js line 2 > eval line 6520 > eval line 1 > eval line 1 > eval, line 1: WEBGL_debug_renderer_info is deprecated in Firefox and will be removed. Please use RENDERER.
rx_lidar.js?cache=r20110914:175:371
m.nd@https://www.googletagservices.com/activeview/js/current/rx_lidar.js?cache=r20110914:75:425
m.next@https://www.googletagservices.com/activeview/js/current/rx_lidar.js?cache=r20110914:74:439
m.m@https://www.googletagservices.com/activeview/js/current/rx_lidar.js?cache=r20110914:73:223
m.next@https://www.googletagservices.com/activeview/js/current/rx_lidar.js?cache=r20110914:72:859
md/</<@https://www.googletagservices.com/activeview/js/current/rx_lidar.js?cache=r20110914:93:671

JavaScript error: , line 0: TypeError: NetworkError when attempting to fetch resource.
JavaScript error: https://pagead2.googlesyndication.com/pagead/js/adsbygoogle.js?client=ca-pub-7740240375137244, line 83: TagError: adsbygoogle.push() error: No slot size for availableWidth=0
JavaScript warning: https://pagead2.googlesyndication.com/bg/GMNNf8dPzMFRWE2GFsJAeeYNxVBqAV2Fx36SZG50-nU.js line 2 > eval line 7219 > eval line 1 > eval line 1 > eval, line 1: WEBGL_debug_renderer_info is deprecated in Firefox and will be removed. Please use RENDERER.
JavaScript warning: https://www.googletagservices.com/activeview/js/current/rx_lidar.js?cache=r20110914, line 72: Script terminated by timeout at:
m.next@https://www.googletagservices.com/activeview/js/current/rx_lidar.js?cache=r20110914:72:842
jd.prototype.pa@https://www.googletagservices.com/activeview/js/current/rx_lidar.js?cache=r20110914:93:172
Uc.prototype.m@https://www.googletagservices.com/activeview/js/current/rx_lidar.js?cache=r20110914:87:1090
m.next@https://www.googletagservices.com/activeview/js/current/rx_lidar.js?cache=r20110914:72:859
jd.prototype.pa@https://www.googletagservices.com/activeview/js/current/rx_lidar.js?cache=r20110914:93:172
Uc.prototype.m@https://www.googletagservices.com/activeview/js/current/rx_lidar.js?cache=r20110914:87:1090
m.next@https://www.googletagservices.com/activeview/js/current/rx_lidar.js?cache=r20110914:72:859
sc/<@https://www.googletagservices.com/activeview/js/current/rx_lidar.js?cache=r20110914:80:1186
m.sd@https://www.googletagservices.com/activeview/js/current/rx_lidar.js?cache=r20110914:77:34
m.subscribe@https://www.googletagservices.com/activeview/js/current/rx_lidar.js?cache=r20110914:76:946
Xc@https://www.googletagservices.com/activeview/js/current/rx_lidar.js?cache=r20110914:89:110
jd.prototype.m@https://www.googletagservices.com/activeview/js/current/rx_lidar.js?cache=r20110914:92:386
jd.prototype.S@https://www.googletagservices.com/activeview/js/current/rx_lidar.js?cache=r20110914:93:255
Uc.prototype.B@https://www.googletagservices.com/activeview/js/current/rx_lidar.js?cache=r20110914:87:1200
m.complete@https://www.googletagservices.com/activeview/js/current/rx_lidar.js?cache=r20110914:73:98
m.B@https://www.googletagservices.com/activeview/js/current/rx_lidar.js?cache=r20110914:73:326
m.complete@https://www.googletagservices.com/activeview/js/current/rx_lidar.js?cache=r20110914:73:98
He.prototype.m@https://www.googletagservices.com/activeview/js/current/rx_lidar.js?cache=r20110914:108:705
m.next@https://www.googletagservices.com/activeview/js/current/rx_lidar.js?cache=r20110914:72:859
m.pa@https://www.googletagservices.com/activeview/js/current/rx_lidar.js?cache=r20110914:91:135
Vc.prototype.m@https://www.googletagservices.com/activeview/js/current/rx_lidar.js?cache=r20110914:87:1378
m.next@https://www.googletagservices.com/activeview/js/current/rx_lidar.js?cache=r20110914:72:859
jd.prototype.pa@https://www.googletagservices.com/activeview/js/current/rx_lidar.js?cache=r20110914:93:172
Uc.prototype.m@https://www.googletagservices.com/activeview/js/current/rx_lidar.js?cache=r20110914:87:1090
m.next@https://www.googletagservices.com/activeview/js/current/rx_lidar.js?cache=r20110914:72:859
sc/<@https://www.googletagservices.com/activeview/js/current/rx_lidar.js?cache=r20110914:80:1186
m.sd@https://www.googletagservices.com/activeview/js/current/rx_lidar.js?cache=r20110914:77:34
m.subscribe@https://www.googletagservices.com/activeview/js/current/rx_lidar.js?cache=r20110914:76:946
Xc@https://www.googletagservices.com/activeview/js/current/rx_lidar.js?cache=r20110914:89:110
jd.prototype.m@https://www.googletagservices.com/activeview/js/current/rx_lidar.js?cache=r20110914:92:386
jd.prototype.S@https://www.googletagservices.com/activeview/js/current/rx_lidar.js?cache=r20110914:93:255
Uc.prototype.B@https://www.googletagservices.com/activeview/js/current/rx_lidar.js?cache=r20110914:87:1200
m.complete@https://www.googletagservices.com/activeview/js/current/rx_lidar.js?cache=r20110914:73:98
m.B@https://www.googletagservices.com/activeview/js/current/rx_lidar.js?cache=r20110914:73:326
m.complete@https://www.googletagservices.com/activeview/js/current/rx_lidar.js?cache=r20110914:73:98
vf.prototype.m@https://www.googletagservices.com/activeview/js/current/rx_lidar.js?cache=r20110914:115:708
m.next@https://www.googletagservices.com/activeview/js/current/rx_lidar.js?cache=r20110914:72:859
Kc.prototype.m@https://www.googletagservices.com/activeview/js/current/rx_lidar.js?cache=r20110914:85:601
m.next@https://www.googletagservices.com/activeview/js/current/rx_lidar.js?cache=r20110914:72:859
m.m@https://www.googletagservices.com/activeview/js/current/rx_lidar.js?cache=r20110914:73:223
m.next@https://www.googletagservices.com/activeview/js/current/rx_lidar.js?cache=r20110914:72:859
m.next@https://www.googletagservices.com/activeview/js/current/rx_lidar.js?cache=r20110914:78:916
m.oh@https://www.googletagservices.com/activeview/js/current/rx_lidar.js?cache=r20110914:80:1883
m.m@https://www.googletagservices.com/activeview/js/current/rx_lidar.js?cache=r20110914:73:223
m.next@https://www.googletagservices.com/activeview/js/current/rx_lidar.js?cache=r20110914:72:859
m.m@https://www.googletagservices.com/activeview/js/current/rx_lidar.js?cache=r20110914:73:223
m.next@https://www.googletagservices.com/activeview/js/current/rx_lidar.js?cache=r20110914:72:859
m.next@https://www.googletagservices.com/activeview/js/current/rx_lidar.js?cache=r20110914:78:916
m.oh@https://www.googletagservices.com/activeview/js/current/rx_lidar.js?cache=r20110914:80:1883
m.m@https://www.googletagservices.com/activeview/js/current/rx_lidar.js?cache=r20110914:73:223
m.next@https://www.googletagservices.com/activeview/js/current/rx_lidar.js?cache=r20110914:72:859
m.m@https://www.googletagservices.com/activeview/js/current/rx_lidar.js?cache=r20110914:73:223
m.next@https://www.googletagservices.com/activeview/js/current/rx_lidar.js?cache=r20110914:72:859
m.next@https://www.googletagservices.com/activeview/js/current/rx_lidar.js?cache=r20110914:78:916
m.oh@https://www.googletagservices.com/activeview/js/current/rx_lidar.js?cache=r20110914:80:1883
m.m@https://www.googletagservices.com/activeview/js/current/rx_lidar.js?cache=r20110914:73:223
m.next@https://www.googletagservices.com/activeview/js/current/rx_lidar.js?cache=r20110914:72:859
m.m@https://www.googletagservices.com/activeview/js/current/rx_lidar.js?cache=r20110914:73:223
m.next@https://www.googletagservices.com/activeview/js/current/rx_lidar.js?cache=r20110914:72:859
m.next@https://www.googletagservices.com/activeview/js/current/rx_lidar.js?cache=r20110914:78:916
m.oh@https://www.googletagservices.com/activeview/js/current/rx_lidar.js?cache=r20110914:80:1883
m.m@https://www.googletagservices.com/activeview/js/current/rx_lidar.js?cache=r20110914:73:223
m.next@https://www.googletagservices.com/activeview/js/current/rx_lidar.js?cache=r20110914:72:859
yf.prototype.m@https://www.googletagservices.com/activeview/js/current/rx_lidar.js?cache=r20110914:116:115
m.next@https://www.googletagservices.com/activeview/js/current/rx_lidar.js?cache=r20110914:72:859
Kc.prototype.m@https://www.googletagservices.com/activeview/js/current/rx_lidar.js?cache=r20110914:85:601
m.next@https://www.googletagservices.com/activeview/js/current/rx_lidar.js?cache=r20110914:72:859
next@https://www.googletagservices.com/activeview/js/current/rx_lidar.js?cache=r20110914:105:352
m.m@https://www.googletagservices.com/activeview/js/current/rx_lidar.js?cache=r20110914:73:223
m.next@https://www.googletagservices.com/activeview/js/current/rx_lidar.js?cache=r20110914:72:859
gl/</h/<@https://www.googletagservices.com/activeview/js/current/rx_lidar.js?cache=r20110914:206:1936
Qa@https://www.googletagservices.com/activeview/js/current/rx_lidar.js?cache=r20110914:44:339
Na.prototype.flush@https://www.googletagservices.com/activeview/js/current/rx_lidar.js?cache=r20110914:44:147
Pa@https://www.googletagservices.com/activeview/js/current/rx_lidar.js?cache=r20110914:43:330
Sj/c/</<@https://www.googletagservices.com/activeview/js/current/rx_lidar.js?cache=r20110914:183:292
m.nd@https://www.googletagservices.com/activeview/js/current/rx_lidar.js?cache=r20110914:75:425
m.next@https://www.googletagservices.com/activeview/js/current/rx_lidar.js?cache=r20110914:74:439
m.m@https://www.googletagservices.com/activeview/js/current/rx_lidar.js?cache=r20110914:73:223
m.next@https://www.googletagservices.com/activeview/js/current/rx_lidar.js?cache=r20110914:72:859
Bj/</</</<@https://www.googletagservices.com/activeview/js/current/rx_lidar.js?cache=r20110914:175:362
zj/<@https://www.googletagservices.com/activeview/js/current/rx_lidar.js?cache=r20110914:174:1013
Ma.prototype.La/<@https://www.googletagservices.com/activeview/js/current/rx_lidar.js?cache=r20110914:43:162
Bj/</</<@https://www.googletagservices.com/activeview/js/current/rx_lidar.js?cache=r20110914:175:371
m.nd@https://www.googletagservices.com/activeview/js/current/rx_lidar.js?cache=r20110914:75:425
m.next@https://www.googletagservices.com/activeview/js/current/rx_lidar.js?cache=r20110914:74:439
m.m@https://www.googletagservices.com/activeview/js/current/rx_lidar.js?cache=r20110914:73:223
m.next@https://www.googletagservices.com/activeview/js/current/rx_lidar.js?cache=r20110914:72:859
Bj/</</</<@https://www.googletagservices.com/activeview/js/current/rx_lidar.js?cache=r20110914:175:362
zj/<@https://www.googletagservices.com/activeview/js/current/rx_lidar.js?cache=r20110914:174:1013
Ma.prototype.La/<@https://www.googletagservices.com/activeview/js/current/rx_lidar.js?cache=r20110914:43:162
Bj/</</<@https://www.googletagservices.com/activeview/js/current/rx_lidar.js?cache=r20110914:175:371
m.nd@https://www.googletagservices.com/activeview/js/current/rx_lidar.js?cache=r20110914:75:425
m.next@https://www.googletagservices.com/activeview/js/current/rx_lidar.js?cache=r20110914:74:439
m.m@https://www.googletagservices.com/activeview/js/current/rx_lidar.js?cache=r20110914:73:223
m.next@https://www.googletagservices.com/activeview/js/current/rx_lidar.js?cache=r20110914:72:859
md/</<@https://www.googletagservices.com/activeview/js/current/rx_lidar.js?cache=r20110914:93:671

JavaScript error: , line 0: TypeError: NetworkError when attempting to fetch resource.
JavaScript error: https://pagead2.googlesyndication.com/pagead/js/adsbygoogle.js?client=ca-pub-7740240375137244, line 83: TagError: adsbygoogle.push() error: No slot size for availableWidth=0
JavaScript error: https://pagead2.googlesyndication.com/pagead/js/adsbygoogle.js?client=ca-pub-7740240375137244, line 83: TagError: adsbygoogle.push() error: No slot size for availableWidth=0
JavaScript warning: https://pagead2.googlesyndication.com/bg/GMNNf8dPzMFRWE2GFsJAeeYNxVBqAV2Fx36SZG50-nU.js line 2 > eval line 577 > eval line 1 > eval line 1 > eval, line 1: WEBGL_debug_renderer_info is deprecated in Firefox and will be removed. Please use RENDERER.
JavaScript error: resource://devtools/server/actors/utils/sources-manager.js, line 438: TypeError: channel is null
JavaScript error: resource://devtools/server/actors/utils/sources-manager.js, line 438: TypeError: channel is null
JavaScript warning: https://www.googletagmanager.com/gtag/js1694075521618	mozrunner::runner	INFO	Running command: "C:\\Program Files\\Mozilla Firefox\\firefox.exe" "--marionette" "--remote-debugging-port" "56223" "--remote-allow-hosts" "localhost" "-no-remote" "-profile" "C:\\Users\\arnie\\AppData\\Local\\Temp\\rust_mozprofileWcfF7i"
console.warn: services.settings: Ignoring preference override of remote settings server
console.warn: services.settings: Allow by setting MOZ_REMOTE_SETTINGS_DEVTOOLS=1 in the environment
1694075522489	Marionette	INFO	Marionette enabled
Dynamically enable window occlusion 0
1694075522574	Marionette	INFO	Listening on port 56236
WebDriver BiDi listening on ws://127.0.0.1:56223
Read port: 56236
Read port: 56236
1694075525708	RemoteAgent	WARN	TLS certificate errors will be ignored for this session
console.error: Region.sys.mjs: "Error fetching region" (new AbortError("The operation was aborted. ", (void 0), 757))
console.error: Region.sys.mjs: "Failed to fetch region" (new Error("NO_RESULT", "resource://gre/modules/Region.sys.mjs", 411))
DevTools listening on ws://127.0.0.1:56223/devtools/browser/640efa45-ce9e-47df-8c3d-7d3a401f2562
console.error: (new TypeError("this._searchProviderInfo is null", "resource:///modules/SearchSERPTelemetry.sys.mjs", 638))
console.error: (new TypeError("linkMap is undefined", "resource://gre/modules/NewTabUtils.sys.mjs", 2001))
JavaScript error: https://pagead2.googlesyndication.com/pagead/js/adsbygoogle.js?client=ca-pub-7740240375137244, line 83: TagError: adsbygoogle.push() error: No slot size for availableWidth=0
JavaScript error: https://pagead2.googlesyndication.com/pagead/js/adsbygoogle.js?client=ca-pub-7740240375137244, line 83: TagError: adsbygoogle.push() error: No slot size for availableWidth=0
console.warn: LoginHelper(Content): "Couldn't parse specified uri about:srcdoc with error NS_ERROR_FAILURE"
JavaScript warning: https://pagead2.googlesyndication.com/bg/GMNNf8dPzMFRWE2GFsJAeeYNxVBqAV2Fx36SZG50-nU.js line 2 > eval line 2219 > eval line 1 > eval line 1 > eval, line 1: WEBGL_debug_renderer_info is deprecated in Firefox and will be removed. Please use RENDERER.
JavaScript warning: https://www.googletagmanager.com/gtag/js?id=G-T1PCPR70M3&l=dataLayer&cx=c, line 318: Script terminated by timeout at:
Cn@https://www.googletagmanager.com/gtag/js?id=G-T1PCPR70M3&l=dataLayer&cx=c:318:298
aa.hm@https://www.googletagmanager.com/gtag/js?id=G-T1PCPR70M3&l=dataLayer&cx=c:482:15
aa.gm/k/<@https://www.googletagmanager.com/gtag/js?id=G-T1PCPR70M3&l=dataLayer&cx=c:478:494
Nj@https://www.googletagmanager.com/gtag/js?id=G-T1PCPR70M3&l=dataLayer&cx=c:269:235
Zj@https://www.googletagmanager.com/gtag/js?id=G-T1PCPR70M3&l=dataLayer&cx=c:271:349
k@https://www.googletagmanager.com/gtag/js?id=G-T1PCPR70M3&l=dataLayer&cx=c:478:480
c@https://www.googletagmanager.com/gtag/js?id=G-T1PCPR70M3&l=dataLayer&cx=c:313:169
tn@https://www.googletagmanager.com/gtag/js?id=G-T1PCPR70M3&l=dataLayer&cx=c:314:269
aa.gm@https://www.googletagmanager.com/gtag/js?id=G-T1PCPR70M3&l=dataLayer&cx=c:479:13
c@https://www.googletagmanager.com/gtag/js?id=G-T1PCPR70M3&l=dataLayer&cx=c:498:694
bw@https://www.googletagmanager.com/gtag/js?id=G-T1PCPR70M3&l=dataLayer&cx=c:387:298
aw.prototype.flush@https://www.googletagmanager.com/gtag/js?id=G-T1PCPR70M3&l=dataLayer&cx=c:390:266
aw.prototype.push@https://www.googletagmanager.com/gtag/js?id=G-T1PCPR70M3&l=dataLayer&cx=c:388:207
Uv@https://www.googletagmanager.com/gtag/js?id=G-T1PCPR70M3&l=dataLayer&cx=c:385:712
kF/<@https://www.googletagmanager.com/gtag/js?id=G-T1PCPR70M3&l=dataLayer&cx=c:499:153
aa.vk/<@https://www.googletagmanager.com/gtag/js?id=G-T1PCPR70M3&l=dataLayer&cx=c:449:126
aa.vk/c/<@https://www.googletagmanager.com/gtag/js?id=G-T1PCPR70M3&l=dataLayer&cx=c:448:420

1694075685524	Marionette	INFO	Stopped listening on port 56236
Dynamically enable window occlusion 1
efox\\firefox.exe" "--marionette" "--remote-debugging-port" "56349" "--remote-allow-hosts" "localhost" "-no-remote" "-profile" "C:\\Users\\arnie\\AppData\\Local\\Temp\\rust_mozprofilerswqA8"
console.warn: services.settings: Ignoring preference override of remote settings server
console.warn: services.settings: Allow by setting MOZ_REMOTE_SETTINGS_DEVTOOLS=1 in the environment
1694075556598	Marionette	INFO	Marionette enabled
Dynamically enable window occlusion 0
1694075556696	Marionette	INFO	Listening on port 56361
WebDriver BiDi listening on ws://127.0.0.1:56349
Read port: 56361
Read port: 56361
Read port: 56361
1694075563295	RemoteAgent	WARN	TLS certificate errors will be ignored for this session
console.error: Region.sys.mjs: "Error fetching region" (new AbortError("The operation was aborted. ", (void 0), 757))
console.error: Region.sys.mjs: "Failed to fetch region" (new Error("NO_RESULT", "resource://gre/modules/Region.sys.mjs", 411))
DevTools listening on ws://127.0.0.1:56349/devtools/browser/84741464-0b3f-4a22-ac5f-ca6435791a16
console.error: (new TypeError("this._searchProviderInfo is null", "resource:///modules/SearchSERPTelemetry.sys.mjs", 638))
JavaScript warning: https://www.googletagmanager.com/gtag/js?id=G-DSYZ9DK9R6, line 165: Script terminated by timeout at:
kb@https://www.googletagmanager.com/gtag/js?id=G-DSYZ9DK9R6:165:303
f@https://www.googletagmanager.com/gtag/js?id=G-DSYZ9DK9R6:180:213
e@https://www.googletagmanager.com/gtag/js?id=G-DSYZ9DK9R6:180:48
f@https://www.googletagmanager.com/gtag/js?id=G-DSYZ9DK9R6:180:243
od@https://www.googletagmanager.com/gtag/js?id=G-DSYZ9DK9R6:180:651
r@https://www.googletagmanager.com/gtag/js?id=G-DSYZ9DK9R6:178:2900
Az@https://www.googletagmanager.com/gtag/js?id=G-DSYZ9DK9R6:461:149
yz/</<@https://www.googletagmanager.com/gtag/js?id=G-DSYZ9DK9R6:459:187
l@https://www.googletagmanager.com/gtag/js?id=G-DSYZ9DK9R6:160:62
yz/<@https://www.googletagmanager.com/gtag/js?id=G-DSYZ9DK9R6:459:167
l@https://www.googletagmanager.com/gtag/js?id=G-DSYZ9DK9R6:160:62
yz@https://www.googletagmanager.com/gtag/js?id=G-DSYZ9DK9R6:459:134
zz/<@https://www.googletagmanager.com/gtag/js?id=G-DSYZ9DK9R6:459:111

1694075687038	Marionette	INFO	Stopped listening on port 56361
Dynamically enable window occlusion 1
JavaScript warning: https://www.google.com/js/th/YrBCSterhsz94EJsjD3v7ys0foxm0QN59WDQGgS59_8.js line 2 > eval line 4159 > eval line 1 > eval line 1 > eval, line 1: WEBGL_debug_renderer_info is deprecated in Firefox and will be removed. Please use RENDERER.
1694075689484	geckodriver	INFO	Listening on 127.0.0.1:56670
1694075692525	mozrunner::runner	INFO	Running command: "C:\\Program Files\\Mozilla Firefox\\firefox.exe" "--marionette" "--remote-debugging-port" "56671" "--remote-allow-hosts" "localhost" "-no-remote" "-profile" "C:\\Users\\arnie\\AppData\\Local\\Temp\\rust_mozprofileoIJYEn"
console.warn: services.settings: Ignoring preference override of remote settings server
console.warn: services.settings: Allow by setting MOZ_REMOTE_SETTINGS_DEVTOOLS=1 in the environment
1694075693307	Marionette	INFO	Marionette enabled
Dynamically enable window occlusion 0
1694075693393	Marionette	INFO	Listening on port 56680
Read port: 56680
WebDriver BiDi listening on ws://127.0.0.1:56671
1694075694798	RemoteAgent	WARN	TLS certificate errors will be ignored for this session
DevTools listening on ws://127.0.0.1:56671/devtools/browser/043f8b24-4f12-4e1b-b1e0-643d940a65d2
console.error: (new TypeError("this._searchProviderInfo is null", "resource:///modules/SearchSERPTelemetry.sys.mjs", 638))
console.error: (new TypeError("linkMap is undefined", "resource://gre/modules/NewTabUtils.sys.mjs", 2001))
JavaScript error: https://pagead2.googlesyndication.com/pagead/js/adsbygoogle.js?client=ca-pub-7740240375137244, line 82: TagError: adsbygoogle.push() error: No slot size for availableWidth=0
JavaScript error: https://pagead2.googlesyndication.com/pagead/js/adsbygoogle.js?client=ca-pub-7740240375137244, line 82: TagError: adsbygoogle.push() error: No slot size for availableWidth=0
console.warn: LoginHelper(Content): "Couldn't parse specified uri about:srcdoc with error NS_ERROR_FAILURE"
JavaScript warning: https://pagead2.googlesyndication.com/bg1694075719373	mozrunner::runner	INFO	Running command: "C:\\Program Files\\Mozilla Firefox\\firefox.exe" "--marionette" "--remote-debugging-port" "56805" "--remote-allow-hosts" "localhost" "-no-remote" "-profileJavaScript warning: https://www.googletagservices.com/activeview/js/current/rx_lidar.js?cache=r20110914, line 69: Script terminated by timeout at:
H@https://www.googletagservices.com/activeview/js/current/rx_lidar.js?cache=r20110914:69:792
I@https://www.googletagservices.com/activeview/js/current/rx_lidar.js?cache=r20110914:72:391
Gc@https://www.googletagservices.com/activeview/js/current/rx_lidar.js?cache=r20110914:84:239
Fc.prototype.connect@https://www.googletagservices.com/activeview/js/current/rx_lidar.js?cache=r20110914:83:583
Dc.prototype.call@https://www.googletagservices.com/activeview/js/current/rx_lidar.js?cache=r20110914:82:744
m.subscribe@https://www.googletagservices.com/activeview/js/current/rx_lidar.js?cache=r20110914:76:877
Sj/c/<@https://www.googletagservicesJavaScript warning: https://www.googletagmanager.com/gtm.js?id=G-DSYZ9DK9R6, line 448: Script terminated by timeout at:
Yx@https://www.googletagmanager.com/gtm.js?id=G-DSYZ9DK9R6:448:431
Az@https://www.googletagmanager.com/gtm.js?id=G-DSYZ9DK9R6:460:418
yz/</<@https://www.googletagmanager.com/gtm.js?id=G-DSYZ9DK9R6:459:187
l@https://www.googletagmanager.com/gtm.js?id=G-DSYZ9DK9R6:160:62
yz/<@https://www.googletagmanager.com/gtm.js?id=G-DSYZ9DK9R6:459:167
l@https://www.googletagmanager.com/gtm.js?id=G-DSYZ9DK9R6:160:62
yz@https://www.googletagmanager.com/gtm.js?id=G-DSYZ9DK9R6:459:134
zz/<@https://www.googletagmanager.com/gtm.js?id=G-DSYZ9DK9R6:459:111

1694076355829	Marionette	INFO	Stopped listening on port 56818
Dynamically enable window occlusion 1
!!! error running onStopped callback: TypeError: callback is not a function
JavaScript warning: https://www.google.com/js/th/YrBCSterhsz94EJsjD3v7ys0foxm0QN59WDQGgS59_8.js line 2 > eval line 728 > eval line 1 > eval line 1 > eval, line 1: WEBGL_debug_renderer_info is deprecated in Firefox and will be removed. Please use RENDERER.
s://www.googletagservices.com/activeview/js/current/rx_lidar.js?cache=r20110914:72:859
m.m@https://www.googletagservices.com/activeview/js/current/rx_lidar.js?cache=r20110914:73:223
m.next@https://www.googletagservices.com/activeview/js/current/rx_lidar.js?cache=r20110914:72:859
m.next@https://www.googletagservices.com/activeview/js/current/rx_lidar.js?cache=r20110914:78:916
m.oh@https://www.googletagservices.com/activeview/js/current/rx_lidar.js?cache=r20110914:80:1883
m.m@https://www.googletagservices.com/activeview/js/current/rx_lidar.js?cache=r20110914:73:223
m.next@https://www.googletagservices.com/activeview/js/current/rx_lidar.js?cache=r20110914:72:859
m.m@https://www.googletagservices.com/activeview/js/current/rx_lidar.js?cache=r20110914:73:223
m.next@https://www.googletagservices.com/activeview/js/current/rx_lidar.js?cache=r20110914:72:859
m.next@https://www.googletagservices.com/activeview/js/current/rx_lidar.js?cache=r20110914:78:916
m.oh@https://www.googletagservices.com/activeview/js/current/rx_lidar.js?cache=r20110914:80:1883
m.m@https://www.googletagservices.com/activeview/js/current/rx_lidar.js?cache=r20110914:73:223
m.next@https://www.googletagservices.com/activeview/js/current/rx_lidar.js?cache=r20110914:72:859
m.m@https://www.googletagservices.com/activeview/js/current/rx_lidar.js?cache=r20110914:73:223
m.next@https://www.googletagservices.com/activeview/js/current/rx_lidar.js?cache=r20110914:72:859
m.next@https://www.googletagservices.com/activeview/js/current/rx_lidar.js?cache=r20110914:78:916
m.oh@https://www.googletagservices.com/activeview/js/current/rx_lidar.js?cache=r20110914:80:1883
m.m@https://www.googletagservices.com/activeview/js/current/rx_lidar.js?cache=r20110914:73:223
m.next@https://www.googletagservices.com/activeview/js/current/rx_lidar.js?cache=r20110914:72:859
m.m@https://www.googletagservices.com/activeview/js/current/rx_lidar.js?cache=r20110914:73:223
m.next@https://www.googletagservices.com/activeview/js/current/rx_lidar.js?cache=r20110914:72:859
m.next@https://www.googletagservices.com/activeview/js/current/rx_lidar.js?cache=r20110914:78:916
m.oh@https://www.googletagservices.com/activeview/js/current/rx_lidar.js?cache=r20110914:80:1883
m.m@https://www.googletagservices.com/activeview/js/current/rx_lidar.js?cache=r20110914:73:223
m.next@https://www.googletagservices.com/activeview/js/current/rx_lidar.js?cache=r20110914:72:859
yf.prototype.m@https://www.googletagservices.com/activeview/js/current/rx_lidar.js?cache=r20110914:116:115
m.next@https://www.googletagservices.com/activeview/js/current/rx_lidar.js?cache=r20110914:72:859
Kc.prototype.m@https://www.googletagservices.com/activeview/js/current/rx_lidar.js?cache=r20110914:85:601
m.next@https://www.googletagservices.com/activeview/js/current/rx_lidar.js?cache=r20110914:72:859
next@https://www.googletagservices.com/activeview/js/current/rx_lidar.js?cache=r20110914:105:352
m.m@https://www.googletagservices.com/activeview/js/current/rx_lidar.js?cache=r20110914:73:223
m.next@https://www.googletagservices.com/activeview/js/current/rx_lidar.js?cache=r20110914:72:859
gl/</h/<@https://www.googletagservices.com/activeview/js/current/rx_lidar.js?cache=r20110914:206:1936
Qa@https://www.googletagservices.com/activeview/js/current/rx_lidar.js?cache=r20110914:44:339
Na.prototype.flush@https://www.googletagservices.com/activeview/js/current/rx_lidar.js?cache=r20110914:44:147
Pa@https://www.googletagservices.com/activeview/js/current/rx_lidar.js?cache=r20110914:43:330
Sj/c/</<@https://www.googletagservices.com/activeview/js/current/rx_lidar.js?cache=r20110914:183:292
m.nd@https://www.googletagservices.com/activeview/js/current/rx_lidar.js?cache=r20110914:75:425
m.next@https://www.googletagservices.com/activeview/js/current/rx_lidar.js?cache=r20110914:74:439
m.m@https://www.googletagservices.com/activeview/js/current/rx_lidar.js?cache=r20110914:73:223
m.next@https://www.googletagservices.com/activeview/js/current/rx_lidar.js?cache=r20110914:72:859
Bj/</</</<@https://www.googletagservices.com/activeview/js/current/rx_lidar.js?cache=r20110914:175:362
zj/<@https://www.googletagservices.com/activeview/js/current/rx_lidar.js?cache=r20110914:174:1013
Ma.prototype.La/<@https://www.googletagservices.com/activeview/js/current/rx_lidar.js?cache=r20110914:43:162
Bj/</</<@https://www.googletagservices.com/activeview/js/current/rx_lidar.js?cache=r20110914:175:371
m.nd@https://www.googletagservices.com/activeview/js/current/rx_lidar.js?cache=r20110914:75:425
m.next@https://www.googletagservices.com/activeview/js/current/rx_lidar.js?cache=r20110914:74:439
m.m@https://www.googletagservices.com/activeview/js/current/rx_lidar.js?cache=r20110914:73:223
m.next@https://www.googletagservices.com/activeview/js/current/rx_lidar.js?cache=r20110914:72:859
Bj/</</</<@https://www.googletagservices.com/activeview/js/current/rx_lidar.js?cache=r20110914:175:362
zj/<@https://www.googletagservices.com/activeview/js/current/rx_lidar.js?cache=r20110914:174:1013
Ma.prototype.La/<@https://www.googletagservices.com/activeview/js/current/rx_lidar.js?cache=r20110914:43:162
Bj/</</<@https://www.googletagservices.com/activeview/js/current/rx_lidar.js?cache=r20110914:175:371
m.nd@https://www.googletagservices.com/activeview/js/current/rx_lidar.js?cache=r20110914:75:425
m.next@https://www.googletagservices.com/activeview/js/current/rx_lidar.js?cache=r20110914:74:439
m.m@https://www.googletagservices.com/activeview/js/current/rx_lidar.js?cache=r20110914:73:223
m.next@https://www.googletagservices.com/activeview/js/current/rx_lidar.js?cache=r20110914:72:859
md/</<@https://www.googletagservices.com/activeview/js/current/rx_lidar.js?cache=r20110914:93:671

JavaScript error: , line 0: TypeError: NetworkError when attempting to fetch resource.
JavaScript error: https://pagead2.googlesyndication.com/pagead/js/adsbygoogle.js?client=ca-pub-7740240375137244, line 82: TagError: adsbygoogle.push() error: No slot size for availableWidth=0
JavaScript warning: https://pagead2.googlesyndication.com/bg/GMNNf8dPzMFRWE2GFsJAeeYNxVBqAV2Fx36SZG50-nU.js line 2 > eval line 2177 > eval line 1 > eval line 1 > eval, line 1: WEBGL_debug_renderer_info is deprecated in Firefox and will be removed. Please use RENDERER.
console.warn: services.settings: Ignoring preference override of remote settings server
console.warn: services.settings: Allow by setting MOZ_REMOTE_SETTINGS_DEVTOOLS=1 in the environment
console.error: (new TypeError("lazy.AsyncShutdown.profileBeforeChange is undefined", "resource://services-settings/Database.sys.mjs", 593))
JavaScript warning: https://www.googletagmanager.com/gtag/js1694076109799	mozrunner::runner	INFO	Running command: "C:\\Program Files\\Mozilla Firefox\\firefox.exe" "--marionette" "--remote-debugging-port" "57239" "--remote-allow-hosts" "localhost" "-no-remote" "-profile" "C:\\Users\\arnie\\AppData\\Local\\Temp\\rust_mozprofilePLVZaY"
console.warn: services.settings: Ignoring preference override of remote settings server
console.warn: services.settings: Allow by setting MOZ_REMOTE_SETTINGS_DEVTOOLS=1 in the environment
1694076112026	Marionette	INFO	Marionette enabled
Dynamically enable window occlusion 0
1694076112127	Marionette	INFO	Listening on port 57253
Read port: 
1694076112362	geckodriver::browser	WARN	Failed fo convert  to u16
WebDriver BiDi listening on ws://127.0.0.1:57239
Read port: 57253
Read port: 57253
Read port: 57253
1694076115248	RemoteAgent	WARN	TLS certificate errors will be ignored for this session
console.error: Region.sys.mjs: "Error fetching region" (new AbortError("The operation was aborted. ", (void 0), 757))
console.error: Region.sys.mjs: "Failed to fetch region" (new Error("NO_RESULT", "resource://gre/modules/Region.sys.mjs", 411))
DevTools listening on ws://127.0.0.1:57239/devtools/browser/a96b18d1-42bf-4d97-883e-3c37308d2349
console.error: (new TypeError("this._searchProviderInfo is null", "resource:///modules/SearchSERPTelemetry.sys.mjs", 638))
console.error: (new TypeError("linkMap is undefined", "resource://gre/modules/NewTabUtils.sys.mjs", 2001))
JavaScript error: https://pagead2.googlesyndication.com/pagead/js/adsbygoogle.js?client=ca-pub-7740240375137244, line 82: TagError: adsbygoogle.push() error: No slot size for availableWidth=0
JavaScript error: https://pagead2.googlesyndication.com/pagead/js/adsbygoogle.js?client=ca-pub-7740240375137244, line 82: TagError: adsbygoogle.push() error: No slot size for availableWidth=0
console.warn: LoginHelper(Content): "Couldn't parse specified uri about:srcdoc with error NS_ERROR_FAILURE"
JavaScript warning: https://pagead2.googlesyndication.com/bg/GMNNf8dPzMFRWE2GFsJAeeYNxVBqAV2Fx36SZG50-nU.js line 2 > eval line 3523 > eval line 1 > eval line 1 > eval, line 1: WEBGL_debug_renderer_info is deprecated in Firefox and will be removed. Please use RENDERER.
JavaScript warning: https://www.googletagservices.com/activeview/js/current/rx_lidar.js?cache=r20110914, line 78: Script terminated by timeout at:
m.next@https://www.googletagservices.com/activeview/js/current/rx_lidar.js?cache=r20110914:78:810
m.oh@https://www.googletagservices.com/activeview/js/current/rx_lidar.js?cache=r20110914:80:1883
m.m@https://www.googletagservices.com/activeview/js/current/rx_lidar.js?cache=r20110914:73:223
m.next@https://www.googletagservices.com/activeview/js/current/rx_lidar.js?cache=r20110914:72:859
Sj/c/</</<@https://www.googletagservices.com/activeview/js/current/rx_lidar.js?cache=r20110914:183:320
Qa@https://www.googletagservices.com/activeview/js/current/rx_lidar.js?cache=r20110914:44:339
Na.prototype.flush@https://www.googletagservices.com/activeview/js/current/rx_lidar.js?cache=r20110914:44:127
Pa@https://www.googletagservices.com/activeview/js/current/rx_lidar.js?cache=r20110914:43:330
Sj/c/</<@https://www.googletagservices.com/activeview/js/current/rx_lidar.js?cache=r20110914:183:292
m.nd@https://www.googletagservices.com/activeview/js/current/rx_lidar.js?cache=r20110914:75:425
m.next@https://www.googletagservices.com/activeview/js/current/rx_lidar.js?cache=r20110914:74:439
m.m@https://www.googletagservices.com/activeview/js/current/rx_lidar.js?cache=r20110914:73:223
m.next@https://www.googletagservices.com/activeview/js/current/rx_lidar.js?cache=r20110914:72:859
Bj/</</</<@https://www.googletagservices.com/activeview/js/current/rx_lidar.js?cache=r20110914:175:362
zj/<@https://www.googletagservices.com/activeview/js/current/rx_lidar.js?cache=r20110914:174:1013
Ma.prototype.La/<@https://www.googletagservices.com/activeview/js/current/rx_lidar.js?cache=r20110914:43:162
Bj/</</<@https://www.googletagservices.com/activeview/js/current/rx_lidar.js?cache=r20110914:175:371
m.nd@https://www.googletagservices.com/activeview/js/current/rx_lidar.js?cache=r2011091JavaScript warning: https://www.googletagmanager.com/gtm.js?id=G-DSYZ9DK9R6, line 344: Script terminated by timeout at:
Cn@https://www.googletagmanager.com/gtm.js?id=G-DSYZ9DK9R6:344:298
Io@https://www.googletagmanager.com/gtm.js?id=G-DSYZ9DK9R6:365:27
aa.hm@https://www.googletagmanager.com/gtm.js?id=G-DSYZ9DK9R6:562:492
aa.gm/k/<@https://www.googletagmanager.com/gtm.js?id=G-DSYZ9DK9R6:553:494
Nj@https://www.googletagmanager.com/gtm.js?id=G-DSYZ9DK9R6:295:235
Zj@https://www.googletagmanager.com/gtm.js?id=G-DSYZ9DK9R6:297:349
k@https://www.googletagmanager.com/gtm.js?id=G-DSYZ9DK9R6:553:480
c@https://www.googletagmanager.com/gtm.js?id=G-DSYZ9DK9R6:339:169
tn@https://www.googletagmanager.com/gtm.js?id=G-DSYZ9DK9R6:340:269
aa.gm@https://www.googletagmanager.com/gtm.js?id=G-DSYZ9DK9R6:554:13
c@https://www.googletagmanager.com/gtm.js?id=G-DSYZ9DK9R6:573:694
bw@https://www.googletagmanager.com/gtm.js?id=G-DSYZ9DK9R6:417:298
aw.prototype.flush@https://www.googletagmanager.com/gtm.js?id=G-DSYZ9DK9R6:420:266
aw.prototype.push@https://www.googletagmanager.com/gtm.js?id=G-DSYZ9DK9R6:418:207
Uv@https://www.googletagmanager.com/gtm.js?id=G-DSYZ9DK9R6:415:712
kF/<@https://www.googletagmanager.com/gtm.js?id=G-DSYZ9DK9R6:574:153
aa.vk/<@https://www.googletagmanager.com/gtm.js?id=G-DSYZ9DK9R6:524:126
aa.vk/c/<@https://www.googletagmanager.com/gtm.js?id=G-DSYZ9DK9R6:523:420

1694076355116	Marionette	INFO	Stopped listening on port 57365
Dynamically enable window occlusion 1
JavaScript warning: https://www.google.com/js/th/YrBCSterhsz94EJsjD3v7ys0foxm0QN59WDQGgS59_8.js line 2 > eval line 905 > eval line 1 > eval line 1 > eval, line 1: WEBGL_debug_renderer_info is deprecated in Firefox and will be removed. Please use RENDERER.
GL_debug_renderer_info is deprecated in Firefox and will be removed. Please use RENDERER.
JavaScript warning: https://pagead2.googlesyndication.com/bg/GMNNf8dPzMFRWE2GFsJAeeYNxVBqAV2Fx36SZG50-nU.js line 2 > eval line 6583 > eval line 1 > eval line 1 > eval, line 1: WEBGL_debug_renderer_info is deprecated in Firefox and will be removed. Please use RENDERER.
console.warn: services.settings: Ignoring preference override of remote settings server
console.warn: services.settings: Allow by setting MOZ_REMOTE_SETTINGS_DEVTOOLS=1 in the environment
console.error: (new TypeError("lazy.AsyncShutdown.profileBeforeChange is undefined", "resource://services-settings/Database.sys.mjs", 593))
JavaScript warning: https://www.googletagmanager.com/gtag/js?id=G-T1PCPR70M3&cx=c&_slc=1, line 140: Script terminated by timeout at:
lb@https://www.googletagmanager.com/gtag/js?id=G-T1PCPR70M3&cx=c&_slc=1:140:73
bw@https://www.googletagmanager.com/gtag/js?id=G-T1PCPR70M3&cx=c&_slc=1:386:257
aw.prototype.flush@https://www.googletagmanager.com/gtag/js?id=G-T1PCPR70M3&cx=c&_slc=1:390:266
aw.prototype.push@https://www.googletagmanager.com/gtag/js?id=G-T1PCPR70M3&cx=c&_slc=1:388:207
Uv@https://www.googletagmanager.com/gtag/js?id=G-T1PCPR70M3&cx=c&_slc=1:385:712
kF/<@https://www.googletagmanager.com/gtag/js?id=G-T1PCPR70M3&cx=c&_slc=1:506:153
aa.vk/<@https://www.googletagmanager.com/gtag/js?id=G-T1PCPR70M3&cx=c&_slc=1:456:126
aa.vk/c/<@https://www.googletagmanager.com/gtag/js?id=G-T1PCPR70M3&cx=c&_slc=1:455:420DevTools listening on ws://127.0.0.1:57759/devtools/browser/805434c6-3d31-4614-9696-ef655ddbb9a4
console.error: (new TypeError("this._searchProviderInfo is null", "resource:///modules/SearchSERPTelemetry.sys.mjs", 638))
console.error: (new TypeError("linkMap is undefined", "resource://gre/modules/NewTabUtils.sys.mjs", 2001))
JavaScript error: https://pagead2.googlesyndication.com/pagead/js/adsbygoogle.js?client=ca-pub-7740240375137244, line 83: TagError: adsbygoogle.push() error: No slot size for availableWidth=0
JavaScript error: https://pagead2.googlesyndication.com/pagead/js/adsbygoogle.js?client=ca-pub-7740240375137244, line 83: TagError: adsbygoogle.push() error: No slot size for availableWidth=0
console.warn: LoginHelper(Content): "Couldn't parse specified uri about:srcdoc with error NS_ERROR_FAILURE"
JavaScript warning: https://pagead2.googlesyndication.com/bg/GMNNf8dPzMFRWE2GFsJAeeYNxVBqAV2Fx36SZG50-nU.js line 2 > eval line 6276 > eval line 1 > eval line 1 > eval, line 1: WEBGL_debug_renderer_info is deprecated in Firefox and will be removed. Please use RENDERER.
JavaScript warning: https://www.googletagservices.com/activeview/js/current/rx_lidar.js?cache=r20110914, line 76: Script terminated by timeout at:
m.subscribe@https://www.googletagservices.com/activeview/js/current/rx_lidar.js?cache=r20110914:76:726
Sj/c/<@https://www.googletagservices.com/activeview/js/current/rx_lidar.js?cache=r20110914:183:268
m.sd@https://www.googletagservices.com/activeview/js/current/rx_lidar.js?cache=r20110914:77:34
m.subscribe@https://www.googletagservices.com/activeview/js/current/rx_lidar.js?cache=r20110914:76:946
of.wg@https://www.googletagservices.com/activeview/js/current/rx_lidar.js?cache=r20110914:113:1035
m.De@https://www.googletagservices.com/activeview/js/current/rx_lidar.js?cache=r20110914:96:377
Td.prototype.execute@https://www.googletagservices.com/activeview/js/current/rx_lidar.js?cache=r20110914:103:2050
sd.prototype.flush@https://www.googletagservices.com/activeview/js/current/rx_lidar.js?cache=r20110914:97:438
Td.prototype.A@https://www.googletagservices.com/activeview/js/current/rx_lidar.js?cache=r20110914:103:1925
zc.prototype.A@https://www.googletagservices.com/activeview/js/current/rx_lidar.js?cache=r20110914:82:300
of.prototype.ba@https://www.googletagservices.com/activeview/js/current/rx_lidar.js?cache=r20110914:113:1103
m.subscribe@https://www.googletagservices.com/activeview/js/current/rx_lidar.js?cache=r20110914:76:935
qf.prototype.call@https://www.googletagservices.com/activeview/js/current/rx_lidar.js?cache=r20110914:114:77
m.subscribe@https://www.googletagservices.com/activeview/js/current/rx_lidar.js?cache=r20110914:76:877
Fc.prototype.connect@https://www.googletagservices.com/activeview/js/current/rx_lidar.js?cache=r20110914:83:573
Dc.prototype.call@https://www.googletagservices.com/activeview/js/current/rx_lidar.js?cache=r20110914:82:744
m.subscribe@https://www.googletagservices.com/activeview/js/current/rx_lidar.js?cache=r20110914:76:877
Sj/c/<@https://www.googletagservices.com/activeview/js/current/rx_lidar.js?cache=r20110914:183:268
m.sd@https://www.googletagservices.com/activeview/js/current/rx_lidar.js?cache=r20110914:77:34
m.subscribe@https://www.googletagserviceJavaScript warning: https://www.googletagmanager.com/gtag/js?id=G-DSYZ9DK9R6, line 160: Script terminated by timeout at:
l@https://www.googletagmanager.com/gtag/js?id=G-DSYZ9DK9R6:160:17
yz@https://www.googletagmanager.com/gtag/js?id=G-DSYZ9DK9R6:459:134
zz/<@https://www.googletagmanager.com/gtag/js?id=G-DSYZ9DK9R6:459:111

1694077198758	Marionette	INFO	Stopped listening on port 57894
Dynamically enable window occlusion 1
!!! error running onStopped callback: TypeError: callback is not a function
JavaScript warning: https://www.google.com/js/th/YrBCSterhsz94EJsjD3v7ys0foxm0QN59WDQGgS59_8.js line 2 > eval line 5771 > eval line 1 > eval line 1 > eval, line 1: WEBGL_debug_renderer_info is deprecated in Firefox and will be removed. Please use RENDERER.
console.error: (new Error("Data is not ready.", "resource://gre/modules/JSONFile.sys.mjs", 178))
ar.js?cache=r20110914:85:513
m.next@https://www.googletagservices.com/activeview/js/current/rx_lidar.js?cache=r20110914:72:859
m.m@https://www.googletagservices.com/activeview/js/current/rx_lidar.js?cache=r20110914:73:223
m.next@https://www.googletagservices.com/activeview/js/current/rx_lidar.js?cache=r20110914:72:859
m.next@https://www.googletagservices.com/activeview/js/current/rx_lidar.js?cache=r20110914:78:916
m.oh@https://www.googletagservices.com/activeview/js/current/rx_lidar.js?cache=r20110914:80:1883
m.m@https://www.googletagservices.com/activeview/js/current/rx_lidar.js?cache=r20110914:73:223
m.next@https://www.googletagservices.com/activeview/js/current/rx_lidar.js?cache=r20110914:72:859
m.m@https://www.googletagservices.com/activeview/js/current/rx_lidar.js?cache=r20110914:73:223
m.next@https://www.googletagservices.com/activeview/js/current/rx_lidar.js?cache=r20110914:72:859
m.next@https://www.googletagservices.com/activeview/js/current/rx_lidar.js?cache=r20110914:78:916
m.oh@https://www.googletagservices.com/activeview/js/current/rx_lidar.js?cache=r20110914:80:1883
m.m@https://www.googletagservices.com/activeview/js/current/rx_lidar.js?cache=r20110914:73:223
m.next@https://www.googletagservices.com/activeview/js/current/rx_lidar.js?cache=r20110914:72:859
m.m@https://www.googletagservices.com/activeview/js/current/rx_lidar.js?cache=r20110914:73:223
m.next@https://www.googletagservices.com/activeview/js/current/rx_lidar.js?cache=r20110914:72:859
m.next@https://www.googletagservices.com/activeview/js/current/rx_lidar.js?cache=r20110914:78:916
m.oh@https://www.googletagservices.com/activeview/js/current/rx_lidar.js?cache=r20110914:80:1883
m.m@https://www.googletagservices.com/activeview/js/current/rx_lidar.js?cache=r20110914:73:223
m.next@https://www.googletagservices.com/activeview/js/current/rx_lidar.js?cache=r20110914:72:859
m.m@https://www.googletagservices.com/activeview/js/current/rx_lidar.js?cache=r20110914:73:223
m.next@https://www.googletagservices.com/activeview/js/current/rx_lidar.js?cache=r20110914:72:859
m.next@https://www.googletagservices.com/activeview/js/current/rx_lidar.js?cache=r20110914:78:916
m.oh@https://www.googletagservices.com/activeview/js/current/rx_lidar.js?cache=r20110914:80:1883
m.m@https://www.googletagservices.com/activeview/js/current/rx_lidar.js?cache=r20110914:73:223
m.next@https://www.googletagservices.com/activeview/js/current/rx_lidar.js?cache=r20110914:72:859
yf.prototype.m@https://www.googletagservices.com/activeview/js/current/rx_lidar.js?cache=r20110914:116:115
m.next@https://www.googletagservices.com/activeview/js/current/rx_lidar.js?cache=r20110914:72:859
Kc.prototype.m@https://www.googletagservices.com/activeview/js/current/rx_lidar.js?cache=r20110914:85:601
m.next@https://www.googletagservices.com/activeview/js/current/rx_lidar.js?cache=r20110914:72:859
next@https://www.googletagservices.com/activeview/js/current/rx_lidar.js?cache=r20110914:105:352
m.m@https://www.googletagservices.com/activeview/js/current/rx_lidar.js?cache=r20110914:73:223
m.next@https://www.googletagservices.com/activeview/js/current/rx_lidar.js?cache=r20110914:72:859
gl/</h/<@https://www.googletagservices.com/activeview/js/current/rx_lidar.js?cache=r20110914:206:1936
Qa@https://www.googletagservices.com/activeview/js/current/rx_lidar.js?cache=r20110914:44:339
Na.prototype.flush@https://www.googletagservices.com/activeview/js/current/rx_lidar.js?cache=r20110914:44:147
Pa@https://www.googletagservices.com/activeview/js/current/rx_lidar.js?cache=r20110914:43:330
Sj/c/</<@https://www.googletagservices.com/activeview/js/current/rx_lidar.js?cache=r20110914:183:292
m.nd@https://www.googletagservices.com/activeview/js/current/rx_lidar.js?cache=r20110914:75:425
m.next@https://www.googletagservices.com/activeview/js/current/rx_lidar.js?cache=r20110914:74:439
m.m@https://www.googletagservices.com/activeview/js/current/rx_lidar.js?cache=r20110914:73:223
m.next@https://www.googletagservices.com/activeview/js/current/rx_lidar.js?cache=r20110914:72:859
Bj/</</</<@https://www.googletagservices.com/activeview/js/current/rx_lidar.js?cache=r20110914:175:362
zj/<@https://www.googletagservices.com/activeview/js/current/rx_lidar.js?cache=r20110914:174:1013
Ma.prototype.La/<@https://www.googletagservices.com/activeview/js/current/rx_lidar.js?cache=r20110914:43:162
Bj/</</<@https://www.googletagservices.com/activeview/js/current/rx_lidar.js?cache=r20110914:175:371
m.nd@https://www.googletagservices.com/activeview/js/current/rx_lidar.js?cache=r20110914:75:425
m.next@https://www.googletagservices.com/activeview/js/current/rx_lidar.js?cache=r20110914:74:439
m.m@https://www.googletagservices.com/activeview/js/current/rx_lidar.js?cache=r20110914:73:223
m.next@https://www.googletagservices.com/activeview/js/current/rx_lidar.js?cache=r20110914:72:859
Bj/</</</<@https://www.googletagservices.com/activeview/js/current/rx_lidar.js?cache=r20110914:175:362
zj/<@https://www.googletagservices.com/activeview/js/current/rx_lidar.js?cache=r20110914:174:1013
Ma.prototype.La/<@https://www.googletagservices.com/activeview/js/current/rx_lidar.js?cache=r20110914:43:162
Bj/</</<@https://www.googletagservices.com/activeview/js/current/rx_lidar.js?cache=r20110914:175:371
m.nd@https://www.googletagservices.com/activeview/js/current/rx_lidar.js?cache=r20110914:75:425
m.next@https://www.googletagservices.com/activeview/js/current/rx_lidar.js?cache=r20110914:74:439
m.m@https://www.googletagservices.com/activeview/js/current/rx_lidar.js?cache=r20110914:73:223
m.next@https://www.googletagservices.com/activeview/js/current/rx_lidar.js?cache=r20110914:72:859
md/</<@https://www.googletagservices.com/activeview/js/current/rx_lidar.js?cache=r20110914:93:671

JavaScript error: , line 0: TypeError: NetworkError when attempting to fetch resource.
JavaScript error: https://pagead2.googlesyndication.com/pagead/js/adsbygoogle.js?client=ca-pub-7740240375137244, line 83: TagError: adsbygoogle.push() error: No slot size for availableWidth=0
JavaScript warning: https://pagead2.googlesyndication.com/bg/GMNNf8dPzMFRWE2GFsJAeeYNxVBqAV2Fx36SZG50-nU.js line 2 > eval line 3971 > eval line 1 > eval line 1 > eval, line 1: WEBGL_debug_renderer_info is deprecated in Firefox and will be removed. Please use RENDERER.
JavaScript warning: https://www.googletagservices.com/activeview/js/current/rx_lidar.js?cache=r20110914, line 78: Script terminated by timeout at:
m.next@https://www.googletagservices.com/activeview/js/current/rx_lidar.js?cache=r20110914:78:810
m.oh@https://www.googletagservices.com/activeview/js/current/rx_lidar.js?cache=r20110914:80:1883
m.m@https://www.googletagservices.com/activeview/js/current/rx_lidar.js?cache=r20110914:73:223
m.next@https://www.googletagservices.com/activeview/js/current/rx_lidar.js?cache=r20110914:72:859
Sj/c/</</<@https://www.googletagservices.com/activeview/js/current/rx_lidar.js?cache=r20110914:183:320
Qa@https://www.googletagservices.com/activeview/js/current/rx_lidar.js?cache=r20110914:44:339
Na.prototype.flush@https://www.googletagservices.com/activeview/js/current/rx_lidar.js?cache=r20110914:44:127
Pa@https://www.googletagservices.com/activeview/js/current/rx_lidar.js?cache=r20110914:43:330
Sj/c/</<@https://www.googletagservices.com/activeview/js/current/rx_lidar.js?cache=r20110914:183:292
m.nd@https://www.googletagservices.com/activeview/js/current/rx_lidar.js?cache=r20110914:75:425
m.next@https://www.googletagservices.com/activeview/js/current/rx_lidar.js?cache=r20110914:74:439
m.m@https://www.googletagservices.com/activeview/js/current/rx_lidar.js?cache=r20110914:73:223
m.next@https://www.googletagservices.com/activeview/js/current/rx_lidar.js?cache=r20110914:72:859
Bj/</</</<@https://www.googletagservices.com/activeview/js/current/rx_lidar.js?cache=r20110914:175:362
zj/<@https://www.googletagservices.com/activeview/js/current/rx_lidar.js?cache=r20110914:174:1013
Ma.prototype.La/<@https://www.googletagservices.com/activeview/js/current/rx_lidar.js?cache=r20110914:43:162
Bj/</</<@https://www.googletagservices.com/activeview/js/current/rx_lidar.js?cache=r20110914:175:371
m.nd@https://www.googletagservices.com/activeview/js/current/rx_lidar.js?cache=r20110914:75:425
m.next@https://www.googletagservices.com/activeview/js/current/rx_lidar.js?cache=r20110914:74:439
m.m@https://www.googletagservices.com/activeview/js/current/rx_lidar.js?cache=r20110914:73:223
m.next@https://www.googletagservices.com/activeview/js/current/rx_lidar.js?cache=r20110914:72:859
Bj/</</</<@https://www.googletagservices.com/activeview/js/current/rx_lidar.js?cache=r20110914:175:362
zj/<@https://www.googletagservices.com/activeview/js/current/rx_lidar.js?cache=r20110914:174:1013
Ma.prototype.La/<@https://www.googletagservices.com/activeview/js/current/rx_lidar.js?cache=r20110914:43:162
Bj/</</<@https://www.googletagservices.com/activeview/js/current/rx_lidar.js?cache=r20110914:175:371
m.nd@https://www.googletagservices.com/activeview/js/current/rx_lidar.js?cache=r20110914:75:425
m.next@https://www.googletagservices.com/activeview/js/current/rx_lidar.js?cache=r20110914:74:439
m.m@https://www.googletagservices.com/activeview/js/current/rx_lidar.js?cache=r20110914:73:223
m.next@https://www.googletagservices.com/activeview/js/current/rx_lidar.js?cache=r20110914:72:859
md/</<@https://www.googletagservices.com/activeview/js/current/rx_lidar.js?cache=r20110914:93:671

JavaScript error: https://pagead2.googlesyndication.com/pagead/js/adsbygoogle.js?client=ca-pub-7740240375137244, line 83: TagError: adsbygoogle.push() error: No slot size for availableWidth=0
JavaScript error: https://pagead2.googlesyndication.com/pagead/js/adsbygoogle.js?client=ca-pub-7740240375137244, line 83: TagError: adsbygoogle.push() error: No slot size for availableWidth=0
JavaScript warning: https://pagead2.googlesyndication.com/bg/GMNNf8dPzMFRWE2GFsJAeeYNxVBqAV2Fx36SZG50-nU.js line 2 > eval line 4361 > eval line 1 > eval line 1 > eval, line 1: WEBGL_debug_renderer_info is deprecated in Firefox and will be removed. Please use RENDERER.
console.warn: LoginHelper(Content): "Couldn't parse specified uri about:srcdoc with error NS_ERROR_FAILURE"
JavaScript warning: https://www.googletagmanager.com/gtag/js?id=G-T1PCPR70M3&l=dataLayer&cx=c, line 139: Script terminated by timeout at:
kb@https://www.googletagmanager.com/gtag/js?id=G-T1PCPR70M3&l=dataLayer&cx=c:139:303
lb@https://www.googletagmanager.com/gtag/js?id=G-T1PCPR70M3&l=dataLayer&cx=c:140:160
bw@https://www.googletagmanager.com/gtag/js?id=G-T1PCPR70M3&l=dataLayer&cx=c:386:257
aw.prototype.flush@https://www.googletagmanager.com/gtag/js?id=G-T1PCPR70M3&l=dataLayer&cx=c:390:266
aw.prototype.push@https://www.googletagmanager.com/gtag/js?id=G-T1PCPR70M3&l=dataLayer&cx=c:388:207
Uv@https://www.googletagmanager.com/gtag/js?id=G-T1PCPR70M3&l=dataLayer&cx=c:385:712
kF/<@https://www.googletagmanager.com/gtag/js?id=G-T1PCPR70M3&l=dataLayer&cx=c:499:153
aa.vk/<@https://www.googletagmanager.com/gtag/js?id=G-T1PCPR70M3&l=dataLayer&cx=c:449:126
aa.vk/c/<@https://www.googletagmanager.com/gtag/js?id=G-T1PCPR70M3&l=dataLayer&cx=c:448:420

1694077197706	Marionette	INFO	Stopped listening on port 57769
Dynamically enable window occlusion 1
!!! error running onStopped callback: TypeError: callback is not a function
JavaScript error: , line 0: TypeError: NetworkError when attempting to fetch resource.
console.error: (new Error("Data is not ready.", "resource://gre/modules/JSONFile.sys.mjs", 178))
JavaScript error: , line 0: TypeError: NetworkError when attempting to fetch resource.
o slot size for availableWidth=0
JavaScript warning: https://pagead2.googlesyndication.com/bg/GMNNf8dPzMFRWE2GFsJAeeYNxVBqAV2Fx36SZG50-nU.js line 2 > eval line 297 > eval line 1 > eval line 1 > eval, line 1: WEBGL_debug_renderer_info is deprecated in Firefox and will be removed. Please use RENDERER.
console.warn: services.settings: Ignoring preference override of remote settings server
console.warn: services.settings: Allow by setting MOZ_REMOTE_SETTINGS_DEVTOOLS=1 in the environment
console.error: (new TypeError("lazy.AsyncShutdown.profileBeforeChange is undefined", "resource://services-settings/Database.sys.mjs", 593))
JavaScript warning: https://www.googletagmanager.com/gtag/js1694076664169	mozrunner::runner	INFO	Running command: "C:\\Program Files\\Mozilla Firefox\\firefox.exe" "--marionette" "--remote-debugging-port" "58450" "--remote-allow-hosts" "localhost" "-no-remote" "-profile" "C:\\Users\\arnie\\AppData\\Local\\Temp\\rust_mozprofilevetdVK"
console.warn: services.settings: Ignoring preference override of remote settings server
console.warn: services.settings: Allow by setting MOZ_REMOTE_SETTINGS_DEVTOOLS=1 in the environment
1694076664824	Marionette	INFO	Marionette enabled
Dynamically enable window occlusion 0
1694076664952	Marionette	INFO	Listening on port 58461
WebDriver BiDi listening on ws://127.0.0.1:58450
Read port: 58461
Read port: 58461
1694076667822	RemoteAgent	WARN	TLS certificate errors will be ignored for this session
DevTools listening on ws://127.0.0.1:58450/devtools/browser/8f54bd7d-1755-4b92-8c1c-ca841a744cea
console.error: (new TypeError("this._searchProviderInfo is null", "resource:///modules/SearchSERPTelemetry.sys.mjs", 638))
JavaScript error: https://pagead2.googlesyndication.com/pagead/js/adsbygoogle.js?client=ca-pub-7740240375137244, line 82: TagError: adsbygoogle.push() error: No slot size for availableWidth=0
JavaScript error: https://pagead2.googlesyndication.com/pagead/js/adsbygoogle.js?client=ca-pub-7740240375137244, line 82: TagError: adsbygoogle.push() error: No slot size for availableWidth=0
console.warn: LoginHelper(Content): "Couldn't parse specified uri about:srcdoc with error NS_ERROR_FAILURE"
JavaScript warning: https://pagead2.googlesyndication.com/bg/GMNNf8dPzMFRWE2GFsJAeeYNxVBqAV2Fx36SZG50-nU.js line 2 > eval line 5022 > eval line 1 > eval line 1 > eval, line 1: WEBGL_debug_renderer_info is deprecated in Firefox and will be removed. Please use RENDERER.
JavaScript error: , line 0: TypeError: NetworkError when attempting to fetch resource.
JavaScript error: , line 0: TypeError: NetworkError when attempting to fetch resource.
JavaScript error: https://pagead2.googlesyndication.com/pagead/js/adsbygoogle.js?client=ca-pub-7740240375137244, line 82: TagError: adsbygoogle.push() error: No slot size for availableWidth=0
JavaScript warning: https://pagead2.googlesyndication.com/bg/GMNNf8dPzMFRWE2GFsJAeeYNxVBqAV2Fx36SZG50-nU.js line 2 > eval line 3687 > eval line 1 > eval line 1 > eval, line 1: WEBGL_debug_renderer_info is deprecated in Firefox and will be removed. Please use RENDERER.
console.warn: services.settings: Ignoring preference override of remote settings server
console.warn: services.settings: Allow by setting MOZ_REMOTE_SETTINGS_DEVTOOLS=1 in the environment
console.error: (new TypeError("lazy.AsyncShutdown.profileBeforeChange is undefined", "resource://services-settings/Database.sys.mjs", 593))
JavaScript warning: https://www.googletagmanager.com/gtag/js?id=G-T1PCPR70M3&cx=c&_slc=1, line 460: Script terminated by timeout at:
aa.oh@https://www.googletagmanager.com/gtag/js?id=G-T1PCPR70M3&cx=c&_slc=1:460:42
get@https://www.googletagmanager.com/gtag/js?id=G-T1PCPR70M3&cx=c&_slc=1:458:119
stop@https://www.googletagmanager.com/gtag/js?id=G-T1PCPR70M3&cx=c&_slc=1:458:87
aa.yk/c/<@https://www.googletagmanager.com/gtag/js?id=G-T1PCPR70M3&cx=c&_slc=1:458:412

JavaScript error: resource://gre/modules/AsyncShutdown.sys.mjs, line 573: NotFoundError: No such JSWindowActor 'DevToolsFrame'
JavaScript error: resource://gre/modules/AsyncShutdown.sys.mjs, line 573: NotFoundError: No such JSWindowActor 'DevToolsFrame'
JavaScript error: resource://gre/modules/AsyncShutdown.sys.mjs, line 573: NotFoundError: No such JSWindowActor 'DevToolsFrame'
JavaScript error: resource://gre/modules/AsyncShutdown.sys.mjs, line 573: NotFoundError: No such JSWindowActor 'DevToolsFrame'
JavaScript error: resource://gre/modules/AsyncShutdown.sys.mjs, line 573: NJavaScript warning: https://www.googletagmanager.com/gtag/js?id=G-DSYZ9DK9R6, line 160: Script terminated by timeout at:
Ka@https://www.googletagmanager.com/gtag/js?id=G-DSYZ9DK9R6:160:95
f@https://www.googletagmanager.com/gtag/js?id=G-DSYZ9DK9R6:180:111
e@https://www.googletagmanager.com/gtag/js?id=G-DSYZ9DK9R6:180:48
f@https://www.googletagmanager.com/gtag/js?id=G-DSYZ9DK9R6:180:243
od@https://www.googletagmanager.com/gtag/js?id=G-DSYZ9DK9R6:180:651
r@https://www.googletagmanager.com/gtag/js?id=G-DSYZ9DK9R6:178:2900
Az@https://www.googletagmanager.com/gtag/js?id=G-DSYZ9DK9R6:461:149
yz/</<@https://www.googletagmanager.com/gtag/js?id=G-DSYZ9DK9R6:459:187
l@https://www.googletagmanager.com/gtag/js?id=G-DSYZ9DK9R6:160:62
yz/<@https://www.googletagmanager.com/gtag/js?id=G-DSYZ9DK9R6:459:167
l@https://www.googletagmanager.com/gtag/js?id=G-DSYZ9DK9R6:160:62
yz@https://www.googletagmanager.com/gtag/js?id=G-DSYZ9DK9R6:459:134
zz/<@https://www.googletagmanager.com/gtag/js?id=G-DSYZ9DK9R6:459:111

1694077200554	Marionette	INFO	Stopped listening on port 58568
Dynamically enable window occlusion 1
JavaScript warning: https://www.google.com/js/th/YrBCSterhsz94EJsjD3v7ys0foxm0QN59WDQGgS59_8.js line 2 > eval line 7075 > eval line 1 > eval line 1 > eval, line 1: WEBGL_debug_renderer_info is deprecated in Firefox and will be removed. Please use RENDERER.
hutdown.sys.mjs, line 573: NotFoundError: No such JSWindowActor 'DevToolsFrame'
1694077199773	Marionette	INFO	Stopped listening on port 58461
Dynamically enable window occlusion 1
!!! error running onStopped callback: TypeError: callback is not a function
JavaScript error: , line 0: TypeError: NetworkError when attempting to fetch resource.
console.error: (new Error("Data is not ready.", "resource://gre/modules/JSONFile.sys.mjs", 178))
no-remote" "-profileJavaScript warning: https://www.googletagservices.com/activeview/js/current/rx_lidar.js?cache=r20110914, line 72: Script terminated by timeout at:
m.next@https://www.googletagservices.com/activeview/js/current/rx_lidar.js?cache=r20110914:72:842
md/</<@https://www.googletagservices.com/activeview/js/current/rx_lidar.js?cache=r20110914:93:671

JavaScript error: , line 0: TypeError: NetworkError when attempting to fetch resource.
JavaScript error: https://pagead2.googlesyndication.com/pagead/js/adsbygoogle.js?client=ca-pub-7740240375137244, line 83: TagError: adsbygoogle.push() error: No slot size for availableWidth=0
JavaScript warning: https://pagead2.googlesyndication.com/bg/GMNNf8dPzMFRWE2GFsJAeeYNxVBqAV2Fx36SZG50-nU.js line 2 > eval line 3345 > eval line 1 > eval line 1 > eval, line 1: WEBGL_debug_renderer_info is deprecated in Firefox and will be removed. Please use RENDERER.
console.warn: services.settings: Ignoring preference override of remote settings server
console.warn: services.settings: Allow by setting MOZ_REMOTE_SETTINGS_DEVTOOLS=1 in the environment
console.error: (new TypeError("lazy.AJavaScript warning: https://www.googletagmanager.com/gtag/js?id=G-DSYZ9DK9R6, line 448: Script terminated by timeout at:
Wx@https://www.googletagmanager.com/gtag/js?id=G-DSYZ9DK9R6:448:209
Yx@https://www.googletagmanager.com/gtag/js?id=G-DSYZ9DK9R6:448:431
Az@https://www.googletagmanager.com/gtag/js?id=G-DSYZ9DK9R6:460:418
yz/</<@https://www.googletagmanager.com/gtag/js?id=G-DSYZ9DK9R6:459:187
l@https://www.googletagmanager.com/gtag/js?id=G-DSYZ9DK9R6:160:62
yz/<@https://www.googletagmanager.com/gtag/js?id=G-DSYZ9DK9R6:459:167
l@https://www.googletagmanager.com/gtag/js?id=G-DSYZ9DK9R6:160:62
yz@https://www.googletagmanager.com/gtag/js?id=G-DSYZ9DK9R6:459:134
zz/<@https://www.googletagmanager.com/gtag/js?id=G-DSYZ9DK9R6:459:111

1694077203626	Marionette	INFO	Stopped listening on port 56373
JavaScript warning: https://www.google.com/js/th/YrBCSterhsz94EJsjD3v7ys0foxm0QN59WDQGgS59_8.js line 2 > eval line 4636 > eval line 1 > eval line 1 > eval, line 1: WEBGL_debug_renderer_info is deprecated in Firefox and will be removed. Please use RENDERER.
Dynamically enable window occlusion 1
urce://gre/modules/AsyncShutdown.sys.mjs, line 573: NotFoundError: No such JSWindowActor 'DevToolsFrame'
JavaScript error: resource://gre/modules/AsyncShutdown.sys.mjs, line 573: NotFoundError: No such JSWindowActor 'DevToolsFrame'
JavaScript error: resource://gre/modules/AsyncShutdown.sys.mjs, line 573: NotFoundError: No such JSWindowActor 'DevToolsFrame'
JavaScript error: resource://gre/modules/AsyncShutdown.sys.mjs, line 573: NotFoundError: No such JSWindowActor 'DevToolsFrame'
JavaScript error: resource://gre/modules/AsyncShutdown.sys.mjs, line 573: NotFoundError: No such JSWindowActor 'DevToolsFrame'
JavaScript error: resource://gre/modules/AsyncShutdown.sys.mjs, line 573: NotFoundError: No such JSWindowActor 'DevToolsFrame'
JavaScript error: resource://gre/modules/AsyncShutdown.sys.mjJavaScript warning: https://www.googletagservices.com/activeview/js/current/rx_lidar.js?cache=r20110914, line 73: Script terminated by timeout at:
m.unsubscribe@https://www.googletagservices.com/activeview/js/current/rx_lidar.js?cache=r20110914:73:126
m.pa@https://www.googletagservices.com/activeview/js/current/rx_lidar.js?cache=r20110914:98:308
Vc.prototype.m@https://www.googletagservices.com/activeview/js/current/rx_lidar.js?cache=r20110914:87:1378
m.next@https://www.googletagservices.com/activeview/js/current/rx_lidar.js?cache=r20110914:72:859
Kc.prototype.m@https://www.googletagservices.com/activeview/js/current/rx_lidar.js?cache=r20110914:85:601
m.next@https://www.googletagservices.com/activeview/js/current/rx_lidar.js?cache=r20110914:72:859
Kc.prototype.m@https://www.googletagservices.com/activeview/js/current/rx_lidar.js?cache=r20110914:85:601
m.next@https://www.googletagservices.com/activeview/js/current/rx_lidar.js?cache=r20110914:72:859
Sj/c/</</<@https://www.googletagservices.com/activeview/js/current/rx_lidar.js?cache=r20110914:183:320
Qa@https://www.googletagservices.com/activeview/js/current/rx_lidar.js?cache=r20110914:44:339
Na.prototype.flush@https://www.googletagservices.com/activeview/js/current/rx_lidar.js?cache=r20110914:44:127
Pa@https://wJavaScript warning: https://www.googletagmanager.com/gtag/js?id=G-DSYZ9DK9R6, line 160: Script terminated by timeout at:
l@https://www.googletagmanager.com/gtag/js?id=G-DSYZ9DK9R6:160:17
yz@https://www.googletagmanager.com/gtag/js?id=G-DSYZ9DK9R6:459:134
zz/<@https://www.googletagmanager.com/gtag/js?id=G-DSYZ9DK9R6:459:111

1694078147893	Marionette	INFO	Stopped listening on port 56828
JavaScript warning: https://www.google.com/js/th/YrBCSterhsz94EJsjD3v7ys0foxm0QN59WDQGgS59_8.js line 2 > eval line 3317 > eval line 1 > eval line 1 > eval, line 1: WEBGL_debug_renderer_info is deprecated in Firefox and will be removed. Please use RENDERER.
Dynamically enable window occlusion 1
//www.googletagservices.com/activeview/js/current/rx_lidar.js?cache=r20110914:174:1013
Ma.prototype.La/<@https://www.googletagservices.com/activeview/js/current/rx_lidar.js?cache=r20110914:43:162
Bj/</</<@https://www.googletagservices.com/activeview/js/current/rx_lidar.js?cache=r20110914:175:371
m.nd@https://www.googletagservices.com/activeview/js/current/rx_lidar.js?cache=r20110914:75:425
m.next@https://www.googletagservices.com/activeview/js/current/rx_lidar.js?cache=r20110914:74:439
m.m@https://www.googletagservices.com/activeview/js/current/rx_lidar.js?cache=r20110914:73:223
m.next@https://www.googletagservices.com/activeview/js/current/rx_lidar.js?cache=r20110914:72:859
Bj/</</</<@https://www.googletagservices.com/activeview/js/current/rx_lidar.js?cache=r20110914:175:362
zj/<@https://www.googletagservices.com/activeview/js/current/rx_lidar.js?cache=r20110914:174:1013
Ma.prototype.La/<@https://www.googletagservices.com/activeview/js/current/rx_lidar.js?cache=r20110914:43:162
Bj/</</<@https://www.googletagservices.com/activeview/js/current/rx_lidar.js?cache=r20110914:175:371
m.nd@https://www.googletagservices.com/activeview/js/current/rx_lidar.js?cache=r20110914:75:425
m.next@https://www.googletagservices.com/activeview/js/current/rx_lidar.js?cache=r20110914:74:439
m.m@https://www.googletagservices.com/activeview/js/current/rx_lidar.js?cache=r20110914:73:223
m.next@https://www.googletagservices.com/activeview/js/current/rx_lidar.js?cache=r20110914:72:859
md/</<@https://www.googletagservices.com/activeview/js/current/rx_lidar.js?cache=r20110914:93:671

JavaScript error: , line 0: TypeError: NetworkError when attempting to fetch resource.
JavaScript error: https://pagead2.googlesyndication.com/pagead/js/adsbygoogle.js?client=ca-pub-7740240375137244, line 83: TagError: adsbygoogle.push() error: No slot size for availableWidth=0
JavaScript warning: https://pagead2.googlesyndication.com/bg/GMNNf8dPzMFRWE2GFsJAeeYNxVBqAV2Fx36SZG50-nU.js line 2 > eval line 3644 > eval line 1 > eval line 1 > eval, line 1: WEBGL_debug_renderer_info is deprecated in Firefox and will be removed. Please use RENDERER.
console.warn: services.settings: Ignoring preference override of remote settings server
console.warn: services.settings: Allow by setting MOZ_REMOTE_SETTINGS_DEVTOOLS=1 in the environment
console.error: (new TypeError("lazy.AsyncShutdown.profileBeforeChange is undefined", "resource://services-settings/Database.sys.mjs", 593))
Handler function threw an exception: TypeError: browsingContext.currentWindowGlobal is null
Stack: isChannelFromSystemPrincipal@resource://devtools/shared/network-observer/NetworkUtils.sys.mjs:89:1
_createResource@resource://devtools/server/actors/network-monitor/network-event-actor.js:186:40
NetworkEventActor@resource://devtools/server/actors/network-monitor/network-event-actor.js:104:27
onNetworkEvent@resource://devtools/server/actors/resources/network-events.js:284:19
#createNetworkEvent@resource://devtools/shared/network-observer/NetworkObserver.sys.mjs:684:46
@resource://devtools/shared/network-observer/NetworkObserver.sys.mjs:342:33
makeInfallible/<@resource://devtools/shared/DevToolsInfaillibleUtils.sys.mjs:43:22
Line: 89, column: 1
console.error: (new TypeError("browsingContext.currentWindowGlobal is null", "resource://devtools/shared/network-observer/NetworkUtils.sys.mjs", 89))
JavaScript error: , line 0: TypeError: NetworkError when attempting to fetch resource.
console.warn: "Listener for event 'frame' did not return a promise."
JavaScript error: https://pagead2.googlesyndication.com/pagead/js/adsbygoogle.js?client=ca-pub-7740240375137244, line 83: TagError: adsbygoogle.push() error: No slot size for availableWidth=0
JavaScript error: https://pagead2.googlesyndication.com/pagead/js/adsbygoogle.js?client=ca-pub-7740240375137244, line 83: TagError: adsbygoogle.push() error: No slot size for availableWidth=0
console.warn: "Listener for event 'frame' did not return a promise."
console.warn: "Listener for event 'frame' did not return a promise."
console.warn: "Listener for event 'frame' did not return a promise."
console.warn: "Listener for event 'frame' did not return a promise."
console.warn: "Listener for event 'frame' did not return a promise."
console.warn: "Listener for event 'frame' did not return a promise."
console.warn: "Listener for event 'frame' did JavaScript warning: https://www.googletagservices.com/activeview/js/current/rx_lidar.js?cache=r20110914, line 94: Script terminated by timeout at:
f@https://www.googletagservices.com/activeview/js/current/rx_lidar.js?cache=r20110914:94:191
H.prototype.unsubscribe@https://www.googletagservices.com/activeview/js/current/rx_lidar.js?cache=r20110914:70:264
H.prototype.unsubscribe@https://www.googletagservices.com/activeview/js/current/rx_lidar.js?cache=r20110914:70:392
m.unsubscribe@https://www.googletagservices.com/activeview/js/current/rx_lidar.js?cache=r20110914:73:177
H.prototype.unsubscribe@https://www.googletagservices.com/activeview/js/current/rx_lidar.js?cache=r20110914:70:392
m.unsubscribe@https://www.googletagservices.com/activeview/js/current/rx_lidar.js?cache=r20110914:JavaScript warning: https://www.googletagmanager.com/gtag/js?id=G-DSYZ9DK9R6, line 160: Script terminated by timeout at:
l@https://www.googletagmanager.com/gtag/js?id=G-DSYZ9DK9R6:160:17
yz@https://www.googletagmanager.com/gtag/js?id=G-DSYZ9DK9R6:459:134
zz/<@https://www.googletagmanager.com/gtag/js?id=G-DSYZ9DK9R6:459:111

1694078146398	Marionette	INFO	Stopped listening on port 61494
Dynamically enable window occlusion 1
JavaScript warning: https://www.google.com/js/th/YrBCSterhsz94EJsjD3v7ys0foxm0QN59WDQGgS59_8.js line 2 > eval line 5075 > eval line 1 > eval line 1 > eval, line 1: WEBGL_debug_renderer_info is deprecated in Firefox and will be removed. Please use RENDERER.
scribe@https://www.googletagservices.com/activeview/js/current/rx_lidar.js?cache=r20110914:70:392
m.unsubscribe@https://www.googletagservices.com/activeview/js/current/rx_lidar.js?cache=r20110914:73:177
H.prototype.unsubscribe@https://www.googletagservices.com/activeview/js/current/rx_lidar.js?cache=r20110914:70:392
m.unsubscribe@https://www.googletagservices.com/activeview/js/current/rx_lidar.js?cache=r20110914:73:177
H.prototype.unsubscribe@https://www.googletagservices.com/activeview/js/current/rx_lidar.js?cache=r20110914:70:392
m.unsubscribe@https://www.googletagservices.com/activeview/js/current/rx_lidar.js?cache=r20110914:73:177
H.prototype.unsubscribe@https://www.googletagservices.com/activeview/js/current/rx_lidar.js?cache=r20110914:70:392
Ec.prototype.Ba@https://www.googletagservices.com/activeview/js/current/rx_lidar.js?cache=r20110914:83:196
H.prototype.unsubscribe@https://www.googletagservices.com/activeview/js/current/rx_lidar.js?cache=r20110914:70:264
m.unsubscribe@https://www.googletagservices.com/activeview/js/current/rx_lidar.js?cache=r20110914:73:177
H.prototype.unsubscribe@https://www.googletagservices.com/activeview/js/current/rx_lidar.js?cache=r20110914:70:392
m.unsubscribe@https://www.googletagservices.com/activeview/js/current/rx_lidar.js?cache=r20110914:73:177
H.prototype.unsubscribe@https://www.googletagservices.com/activeview/js/current/rx_lidar.js?cache=r20110914:70:392
m.unsubscribe@https://www.googletagservices.com/activeview/js/current/rx_lidar.js?cache=r20110914:73:177
H.prototype.unsubscribe@https://www.googletagservices.com/activeview/js/current/rx_lidar.js?cache=r20110914:70:392
m.unsubscribe@https://www.googletagservices.com/activeview/js/current/rx_lidar.js?cache=r20110914:73:177
H.prototype.unsubscribe@https://www.googletagservices.com/activeview/js/current/rx_lidar.js?cache=r20110914:70:392
m.unsubscribe@https://www.googletagservices.com/activeview/js/current/rx_lidar.js?cache=r20110914:73:177
H.prototype.unsubscribe@https://www.googletagservices.com/activeview/js/current/rx_lidar.js?cache=r20110914:70:392
m.unsubscribe@https://www.googletagservices.com/activeview/js/current/rx_lidar.js?cache=r20110914:73:177
H.prototype.unsubscribe@https://www.googletagservices.com/activeview/js/current/rx_lidar.js?cache=r20110914:70:392
m.unsubscribe@https://www.googletagservices.com/activeview/js/current/rx_lidar.js?cache=r20110914:73:177
H.prototype.unsubscribe@https://www.googletagserconsole.warn: services.settings: Ignoring preference override of remote settings server
console.warn: services.settings: Allow by setting MOZ_REMOTE_SETTINGS_DEVTOOLS=1 in the environment
console.error: (new TypeError("lazy.AsyncShutdown.profileBeforeChange is undefined", "resource://services-settings/Database.sys.mjs", 593))
JavaScript warning: https://www.googletagmanager.com/gtag/js?id=G-T1PCPR70M3&l=dataLayer&cx=c, line 450: Script terminated by timeout at:
aa.lh@https://www.googletagmanager.com/gtag/js?id=G-T1PCPR70M3&l=dataLayer&cx=c:450:89
get@https://www.googletagmanager.com/gtag/js?id=G-T1PCPR70M3&l=dataLayer&cx=c:448:119
stop@https://www.googletagmanager.com/gtag/js?id=G-T1PCPR70M3&l=dataLayer&cx=c:448:87
aa.vk/c/<@https://www.googletagmanager.com/gtag/js?id=G-T1PCPR70M3&l=dataLayer&cx=c:448:412
EventListener.handleEvent*Nc@https://www.googletagmanager.com/gtag/js?id=G-T1PCPR70M3&l=dataLayer&cx=c:150:144
c@https://www.googletagmanager.com/gtag/js?id=G-T1PCPR70M3&l=dataLayer&cx=c:448:391
aa.vk@https://www.googletagmanager.com/gtag/js?id=G-T1PCPR70M3&l=dataLayer&cx=c:449:80
aa.wk@https://www.googletagmanager.com/gtag/js?id=G-T1PCPR70M3&l=dataLayer&cx=c:496:82
aa.hm@https://www.googletagmanager.com/gtag/js?id=G-T1PCPR70M3&l=dataLayer&cx=c:480:401
aa.gm/k/<@https://www.googletagmanager.com/gtag/js?id=G-T1PCPR70M3&l=dataLayer&cx=c:478:494
Nj@https://www.googletagmanager.com/gtag/js?id=G-T1PCPR70M3&l=dataLayer&cx=c:269:235
Zj@https://www.googletagmanager.com/gtag/js?id=G-T1PCPR70M3&l=dataLayer&cx=c:271:349
k@https://www.googletagmanager.com/gtag/js?id=G-T1PCPR70M3&l=dataLayer&cx=c:478:480
c@https://www.googletagmanager.com/gtag/js?id=G-T1PCPR70M3&l=dataLayer&cx=c:313:169
tn@https://www.googletagmanager.com/gtag/js?id=G-T1PCPR70M3&l=dataLayer&cx=c:314:269
aa.gm@https://www.googletagmanager.com/gtag/js?id=G-T1PCPR70M3&l=dataLayer&cx=c:479:13
c@https://www.googletagmanager.com/gtag/js?id=G-T1PCPR70M3&l=dataLayer&cx=c:498:694
bw@https://www.googletagmanager.com/gtag/js?id=G-T1PCPR70M3&l=dataLayer&cx=c:387:298
aw.prototype.flush@https://www.googletagmanager.com/gtag/js?id=G-T1PCPR70M3&l=dataLayer&cx=c:390:95
aw.prototype.push@https://www.googletagmanager.com/gtag/js?id=G-T1PCPR70M3&l=dataLayer&cx=c:388:207
config@https://www.googletagmanager.com/gtag/js?id=G-T1PCPR70M3&l=dataLayer&cx=c:396:497
bx@https://www.googletagmanager.com/gtag/js?id=G-T1PCPR70M3&l=dataLayer&cx=c:408:472
dx@https://www.googletagmanager.com/gtag/js?id=G-T1PCPR70M3&l=dataLayer&cx=c:410:43
@https://www.googletagmanager.com/gtag/js?id=G-T1PCPR70M3&l=dataLayer&cx=c:558:80
@https://www.googletagmanager.com/gtag/js?id=G-T1PCPR70M3&l=dataLayer&cx=c:553:228
@https://www.googletagmanager.com/gtag/js?id=G-T1PCPR70M3&l=dataLayer&cx=c:553:234
@https://www.googletagmanager.com/gtag/js?id=G-T1PCPR70M3&l=dataLayer&cx=c:560:3

JavaScript error: resource://gre/modules/AsyncShutdown.sys.mjs, line 573: NotFoundError: No such JSWindowActor 'DevToolsFrame'
JavaScript error: resource://gre/modules/AsyncShutdown.sys.mjs, line 573: NotFoundError: No such JSWindowActor 'DevToolsFrame'
JavaScript error: resource://gre/modules/AsyncShutdown.sys.mjs, line 573: NotFoundError: No such JSWindowActor 'DevToolsFrame'
JavaScript error: resource://gre/modules/AsyncShutdown.sys.mjs, line 573: NotFoundError: No such JSWindowActor 'DevToolsFrame'
JavaScript error: resource://gre/modules/AsyncShutdown.sys.mjs, line 573: NotFoundError: No such JSWindowActor 'DevToolsFrame'
JavaScript error: resource://gre/modules/AsyncShutdown.sys.mjs, line 573: NotFoundError: No such JSWindowActor 'DevToolsFrame'
JavaScript error: resource://gre/modules/AsyncShutdown.sys.mjs, line 573: NotFoundError: No such JSWindowActor 'DevToolsFrame'
JavaScript error: resource://gre/modules/AsyncShutdown.sys.mjs, line 573: NotFoundError: No such JSWindowActor 'DevToolsFrame'
JavaScript error: resource://gre/modules/AsyncShutdown.sys.mjs, line 573: NotFoundError: No such JSWindowActor 'DevToolsFrame'
JavaScript error: resource://gre/modules/AsyncShutdown.sys.mjs, line 573: NotFoundError: No such JSWindowActor 'DevToolsFrame'
JavaScript error: resource://gre/modules/AsyncShutdown.sys.mjs, line 573: NotFoundError: No such JSWindowActor 'DevToolsFrame'
JavaScript error: resource://gre/modules/AsyncShutdown.sys.mjs, line 573: NotFoundError: No such JSWindowActor 'DevToolsFrame'
JavaScript error: resource://gre/modules/AsyncShutdown.sys.mjs, line 573: NotFoundError: No such JSWindowActor 'DevToolsFrame'
JavaScript error: resource://gre/modules/AsyncShutdown.sys.mjs, line 573: NotFoundError: No such JSWindowActor 'DevToolsFrame'
JavaScript error: resource://gre/modules/AsyncShutdown.sys.mjs, line 573: NotFoundError: No such JSWindowActor 'DevToolsFrame'
JavaScript error: resource://gre/modules/AsyncShutdown.sys.mjs, line 573: NotFoundError: No such JSWindowActor 'DevToolsFrame'
JavaScript error: resource://gre/modules/AsyncShutdown.sys.mjs, line 573: NotFoundError: No such JSWindowActor 'DevToolsFrame'
JavaScript error: resource://gre/modules/AsyncShutdown.sys.mjs, line 573: NotFoundError: No such JSWindowActor 'DevToolsFrame'
JavaScript error: resource://gre/modules/AsyncShutdown.sys.mjs, line 573: NotFoundError: No such JSWindowActor 'DevToolsFrame'
JavaScript error: resource://gre/modules/AsyncShutdown.sys.mjs, line 573: NotFoundError: No such JSWindowActor 'DevToolsFrame'
JavaScript error: resource://gre/modules/AsyncShutdown.sys.mjs, line 573: NotFoundError: No such JSWindowActor 'DevToolsFrame'
JavaScript error: resource://gre/modules/AsyncShutdown.sys.mjs, line 573: NotFoundError: No such JSWindowActor 'DevToolsFrame'
1694078148675	Marionette	INFO	Stopped listening on port 56718
Dynamically enable window occlusion 1
JavaScript error: , line 0: TypeError: NetworkError when attempting to fetch resource.
.googletagservices.com/activeview/js/current/rx_lidar.js?cache=r20110914:73:177
H.prototype.unsubscribe@https://www.googletagservices.com/activeview/js/current/rx_lidar.js?cache=r20110914:70:392
m.unsubscribe@https://www.googletagservices.com/activeview/js/current/rx_lidar.js?cache=r20110914:73:177
H.prototype.unsubscribe@https://www.googletagservices.com/activeview/js/current/rx_lidar.js?cache=r20110914:70:392
m.unsubscribe@https://www.googletagservices.com/activeview/js/current/rx_lidar.js?cache=r20110914:73:177
H.prototype.unsubscribe@https://www.googletagservices.com/activeview/js/current/rx_lidar.js?cache=r20110914:70:392
m.unsubscribe@https://www.googletagservices.com/activeview/js/current/rx_lidar.js?cache=r20110914:73:177
H.prototype.unsubscribe@https://www.googletagservices.com/activeview/js/current/rx_lidar.js?cache=r20110914:70:392
m.unsubscribe@https://www.googletagservices.com/activeview/js/current/rx_lidar.js?cache=r20110914:73:177
H.prototype.unsubscribe@https://www.googletagservices.com/activeview/js/current/rx_lidar.js?cache=r20110914:70:392
Ec.prototype.Ba@https://www.googletagservices.com/activeview/js/current/rx_lidar.js?cache=r20110914:83:196
H.prototype.unsubscribe@https://www.googletagservices.com/activeview/js/current/rx_lidar.js?cache=r20110914:70:264
m.unsubscribe@https://www.googletagservices.com/activeview/js/current/rx_lidar.js?cache=r20110914:73:177
H.prototype.unsubscribe@https://www.googletagservices.com/activeview/js/current/rx_lidar.js?cache=r20110914:70:392
m.unsubscribe@https://www.googletagservices.com/activeview/js/current/rx_lidar.js?cache=r20110914:73:177
H.prototype.unsubscribe@https://www.googletagservices.com/activeview/js/current/rx_lidar.js?cache=r20110914:70:392
m.unsubscribe@https://www.googletagservices.com/activeview/js/current/rx_lidar.js?cache=r20110914:73:177
H.prototype.unsubscribe@https://www.googletagservices.com/activeview/js/current/rx_lidar.js?cache=r20110914:70:392
m.unsubscribe@https://www.googletagservices.com/activeview/js/current/rx_lidar.js?cache=r20110914:73:177
H.prototype.unsubscribe@https://www.googletagservices.com/activeview/js/current/rx_lidar.js?cache=r20110914:70:392
m.unsubscribe@https://www.googletagservices.com/activeview/js/current/rx_lidar.js?cache=r20110914:73:177
H.prototype.unsubscribe@https://www.googletagservices.com/activeview/js/current/rx_lidar.js?cache=r20110914:70:392
m.unsubscribe@https://www.googletagservices.com/activeview/js/current/rx_lidar.js?cache=r20110914:73:177
H.prototype.unsubscribe@https://www.googletagservices.com/activeview/js/current/rx_lidar.js?cache=r20110914:70:392
m.unsubscribe@https://www.googletagservices.com/activeview/js/current/rx_lidar.js?cache=r20110914:73:177
H.prototype.unsubscribe@https://www.googletagservices.com/activeview/js/current/rx_lidar.js?cache=r20110914:70:392
H.prototype.unsubscribe@https://www.googletagservices.com/activeview/js/current/rx_lidar.js?cache=r20110914:70:392
m.unsubscribe@https://www.googletagservices.com/activeview/js/current/rx_lidar.js?cache=r20110914:73:177
H.prototype.unsubscribe@https://www.googletagservices.com/activeview/js/current/rx_lidar.js?cache=r20110914:70:392
m.unsubscribe@https://www.googletagservices.com/activeview/js/current/rx_lidar.js?cache=r20110914:73:177
gl/</</<@https://www.googletagservices.com/activeview/js/current/rx_lidar.js?cache=r20110914:206:2307
gl/</<@https://www.googletagservices.com/activeview/js/current/rx_lidar.js?cache=r20110914:206:2273
H.prototype.unsubscribe@https://www.googletagservices.com/activeview/js/current/rx_lidar.js?cache=r20110914:70:264
H.prototype.unsubscribe@https://www.googletagservices.com/activeview/js/current/rx_lidar.js?cache=r20110914:70:392
m.unsubscribe@https://www.googletagservices.com/activeview/js/current/rx_lidar.js?cache=r20110914:73:177
H.prototype.unsubscribe@https://www.googletagservices.com/activeview/js/current/rx_lidar.js?cache=r20110914:70:392
H.prototype.unsubscribe@https://www.googletagservices.com/activeview/js/current/rx_lidar.js?cache=r20110914:70:392
m.unsubscribe@https://www.googletagservices.com/activeview/js/current/rx_lidar.js?cache=r20110914:73:177
H.prototype.unsubscribe@https://www.googletagservices.com/activeview/js/current/rx_lidar.js?cache=r20110914:70:392
m.unsubscribe@https://www.googletagservices.com/activeview/js/current/rx_lidar.js?cache=r20110914:73:177

JavaScript error: , line 0: TypeError: NetworkError when attempting to fetch resource.
JavaScript error: , line 0: TypeError: NetworkError when attempting to fetch resource.
JavaScript error: https://pagead2.googlesyndication.com/pagead/js/adsbygoogle.js?client=ca-pub-7740240375137244, line 83: TagError: adsbygoogle.push() error: No slot size for availableWidth=0
JavaScript warning: https://pagead2.googlesyndication.com/bg/GMNNf8dPzMFRWE2GFsJAeeYNxVBqAV2Fx36SZG50-nU.js line 2 > eval line 2487 > eval line 1 > eval line 1 > eval, line 1: WEBGL_debug_renderer_info is deprecated in Firefox and will be removed. Please use RENDERER.
console.warn: services.settings: Ignoring preference override of remote settings server
console.warn: services.settings: Allow by setting MOZ_REMOTE_SETTINGS_DEVTOOLS=1 in the environment
console.error: (new TypeError("lazy.AsyncShutdown.profileBeforeChange is undefined", "resource://services-settings/Database.sys.mjs", 593))
JavaScript warning: https://www.googletagmanager.com/gtag/js?id=G-T1PCPR70M3&cx=c&_slc=1, line 134: Script terminated by timeout at:
Oa@https://www.googletagmanager.com/gtag/js?id=G-T1PCPR70M3&cx=c&_slc=1:134:437
cp@https://www.googletagmanager.com/gtag/js?id=G-T1PCPR70M3&cx=c&_slc=1:348:519
Uv@https://www.googletagmanager.com/gtag/js?id=G-T1PCPR70M3&cx=c&_slc=1:385:689
kF/<@https://www.googletagmanager.com/gtag/js?id=G-T1PCPR70M3&cx=c&_slc=1:506:153
aa.vk/<@https://www.googletagmanager.com/gtag/js?id=G-T1PCPR70M3&cx=c&_slc=1:456:126
aa.vk/c/<@https://www.googletagmanager.com/gtag/js?id=G-T1PCPR70M3&cx=c&_slc=1:455:420

JavaScript error: resource://gre/modules/AsyncShutdown.sys.mjs, line 573: NotFoundError: No such JSWindowActor 'DevToolsFrame'
JavaScript error: resource://gre/modules/AsyncShutdown.sys.mjs, line 573: NotFoundError: No such JSWindowActor 'DevToolsFrame'
JavaScript error: resource://gre/modules/AsyncShutdown.sys.mjs, line 573: NotFoundError: No such JSWindowActor 'DevToolsFrame'
JavaScript error: resource://gre/modules/AsyncShutdown.sys.mjs, line 573: NotFoundError: No such JSWindowActor 'DevToolsFrame'
JavaScript error: resource://gre/modules/AsyncShutdown.sys.mjs, line 573: NotFoundError: No such JSWindowActor 'DevToolsFrame'
JavaScript error: resource://gre/modules/AsyncShutdown.sys.mjs, line 573: NotFoundError: No such JSWindowActor 'DevToolsFrame'
JavaScript error: resource://gre/modules/AsyncShutdown.sys.mjs, line 573: NotFoundError: No such JSWindowActor 'DevToolsFrame'
JavaScript error: resource://gre/modules/AsyncShutdown.sys.mjs, line 573: NotFoundError: No such JSWindowActor 'DevToolsFrame'
JavaScript error: resource://gre/modules/AsyncShutdown.sys.mjs, line 573: NotFoundError: No such JSWindowActor 'DevToolsFrame'
JavaScript error: resource://gre/modules/AsyncShutdown.sys.mjs, line 573: NotFoundError: No such JSWindowActor 'DevToolsFrame'
JavaScript error: resource://gre/modules/AsyncShutdown.sys.mjs, line 573: NotFoundError: No such JSWindowActor 'DevToolsFrame'
JavaScript error: resource://gre/modules/AsyncShutdown.sys.mjs, line 573: NotFoundError: No such JSWindowActor 'DevToolsFrame'
JavaScript error: resource://gre/modules/AsyncShutdown.sys.mjs, line 573: NotFoundError: No such JSWindowActor 'DevToolsFrame'
JavaScript error: resource://gre/modules/AsyncShutdown.sys.mjs, line 573: NotFoundError: No such JSWindowActor 'DevToolsFrame'
JavaScript error: resource://gre/modules/AsyncShutdoJavaScript warning: https://www.googletagmanager.com/gtag/js?id=G-DSYZ9DK9R6, line 160: Script terminated by timeout at:
l@https://www.googletagmanager.com/gtag/js?id=G-DSYZ9DK9R6:160:51
yz/<@https://www.googletagmanager.com/gtag/js?id=G-DSYZ9DK9R6:459:167
l@https://www.googletagmanager.com/gtag/js?id=G-DSYZ9DK9R6:160:62
yz@https://www.googletagmanager.com/gtag/js?id=G-DSYZ9DK9R6:459:134
zz/<@https://www.googletagmanager.com/gtag/js?id=G-DSYZ9DK9R6:459:111

1694078483957	Marionette	INFO	Stopped listening on port 60763
JavaScript warning: https://www.google.com/js/th/YrBCSterhsz94EJsjD3v7ys0foxm0QN59WDQGgS59_8.js line 2 > eval line 3072 > eval line 1 > eval line 1 > eval, line 1: WEBGL_debug_renderer_info is deprecated in Firefox and will be removed. Please use RENDERER.
Dynamically enable window occlusion 1
letagservices.com/activeview/js/current/rx_lidar.js?cache=r20110914:72:859
m.m@https://www.googletagservices.com/activeview/js/current/rx_lidar.js?cache=r20110914:73:223
m.next@https://www.googletagservices.com/activeview/js/current/rx_lidar.js?cache=r20110914:72:859
m.next@https://www.googletagservices.com/activeview/js/current/rx_lidar.js?cache=r20110914:78:916
m.oh@https://www.googletagservices.com/activeview/js/current/rx_lidar.js?cache=r20110914:80:1883
m.m@https://www.googletagservices.com/activeview/js/current/rx_lidar.js?cache=r20110914:73:223
m.next@https://www.googletagservices.com/activeview/js/current/rx_lidar.js?cache=r20110914:72:859
m.m@https://www.googletagservices.com/activeview/js/current/rx_lidar.js?cache=r20110914:73:223
m.next@https://www.googletagservices.com/activeview/js/current/rx_lidar.js?cache=r20110914:72:859
m.next@https://www.googletagservices.com/activeview/js/current/rx_lidar.js?cache=r20110914:78:916
m.oh@https://www.googletagservices.com/activeview/js/current/rx_lidar.js?cache=r20110914:80:1883
m.m@https://www.googletagservices.com/activeview/js/current/rx_lidar.js?cache=r20110914:73:223
m.next@https://www.googletagservices.com/activeview/js/current/rx_lidar.js?cache=r20110914:72:859
m.m@https://www.googletagservices.com/activeview/js/current/rx_lidar.js?cache=r20110914:73:223
m.next@https://www.googletagservices.com/activeview/js/current/rx_lidar.js?cache=r20110914:72:859
m.next@https://www.googletagservices.com/activeview/js/current/rx_lidar.js?cache=r20110914:78:916
m.oh@https://www.googletagservices.com/activeview/js/current/rx_lidar.js?cache=r20110914:80:1883
m.m@https://www.googletagservices.com/activeview/js/current/rx_lidar.js?cache=r20110914:73:223
m.next@https://www.googletagservices.com/activeview/js/current/rx_lidar.js?cache=r20110914:72:859
yf.prototype.m@https://www.googletagservices.com/activeview/js/current/rx_lidar.js?cache=r20110914:116:115
m.next@https://www.googletagservices.com/activeview/js/current/rx_lidar.js?cache=r20110914:72:859
Kc.prototype.m@https://www.googletagservices.com/activeview/js/current/rx_lidar.js?cache=r20110914:85:601
m.next@https://www.googletagservices.com/activeview/js/current/rx_lidar.js?cache=r20110914:72:859
next@https://www.googletagservices.com/activeview/js/current/rx_lidar.js?cache=r20110914:105:352
m.m@https://www.googletagservices.com/activeview/js/current/rx_lidar.js?cache=r20110914:73:223
m.next@https://www.googletagservices.com/activeview/js/current/rx_lidar.js?cache=r20110914:72:859
gl/</h/<@https://www.googletagservices.com/activeview/js/current/rx_lidar.js?cache=r20110914:206:1936
Qa@https://www.googletagservices.com/activeview/js/current/rx_lidar.js?cache=r20110914:44:339
Na.prototype.flush@https://www.googletagservices.com/activeview/js/current/rx_lidar.js?cache=r20110914:44:147
Pa@https://www.googletagservices.com/activeview/js/current/rx_lidar.js?cache=r20110914:43:330
Sj/c/</<@https://www.googletagservices.com/activeview/js/current/rx_lidar.js?cache=r20110914:183:292
m.nd@https://www.googletagservices.com/activeview/js/current/rx_lidar.js?cache=r20110914:75:425
m.next@https://www.googletagservices.com/activeview/js/current/rx_lidar.js?cache=r20110914:74:439
m.m@https://www.googletagservices.com/activeview/js/current/rx_lidar.js?cache=r20110914:73:223
m.next@https://www.googletagservices.com/activeview/js/current/rx_lidar.js?cache=r20110914:72:859
Bj/</</</<@https://www.googletagservices.com/activeview/js/current/rx_lidar.js?cache=r20110914:175:362
zj/<@https://www.googletagservices.com/activeview/js/current/rx_lidar.js?cache=r20110914:174:1013
Ma.prototype.La/<@https://www.googletagservices.com/activeview/js/current/rx_lidar.js?cache=r20110914:43:162
Bj/</</<@https://www.googletagservices.com/activeview/js/current/rx_lidar.js?cache=r20110914:175:371
m.nd@https://www.googletagservices.com/activeview/js/current/rx_lidar.js?cache=r20110914:75:425
m.next@https://www.googletagservices.com/activeview/js/current/rx_lidar.js?cache=r20110914:74:439
m.m@https://www.googletagservices.com/activeview/js/current/rx_lidar.js?cache=r20110914:73:223
m.next@https://www.googletagservices.com/activeview/js/current/rx_lidar.js?cache=r20110914:72:859
Bj/</</</<@https://www.googletagservices.com/activeview/js/current/rx_lidar.js?cache=r20110914:175:362
zj/<@https://www.googletagservices.com/activeview/js/current/rx_lidar.js?cache=r20110914:174:1013
Ma.prototype.La/<@https://www.googletagservices.com/activeview/js/current/rx_lidar.js?cache=r20110914:43:162
Bj/</</<@https://www.googletagservices.com/activeview/js/current/rx_lidar.js?cache=r20110914:175:371
m.nd@https://www.googletagservices.com/activeview/js/current/rx_lidar.js?cache=r20110914:75:425
m.next@https://www.googletagservices.com/activeview/js/current/rx_lidar.js?cache=r20110914:74:439
m.m@https://www.googletagservices.com/activeview/js/current/rx_lidar.js?cache=r20110914:73:223
m.next@https://www.googletagservices.com/activeview/js/current/rx_lidar.js?cache=r20110914:72:859
md/</<@https://www.googletagservices.com/activeview/js/current/rx_lidar.js?cache=r20110914:93:671

JavaScript error: , line 0: TypeError: NetworkError when attempting to fetch resource.
JavaScript error: , line 0: TypeError: NetworkError when attempting to fetch resource.
JavaScript error: https://pagead2.googlesyndication.com/pagead/js/adsbygoogle.js?client=ca-pub-7740240375137244, line 83: TagError: adsbygoogle.push() error: No slot size for availableWidth=0
JavaScript warning: https://pagead2.googlesyndication.com/bg/GMNNf8dPzMFRWE2GFsJAeeYNxVBqAV2Fx36SZG50-nU.js line 2 > eval line 1210 > eval line 1 > eval line 1 > eval, line 1: WEBGL_debug_renderer_info is deprecated in Firefox and will be removed. Please use RENDERER.
console.warn: services.settings: Ignoring preference override of remote settings server
console.warn: services.settings: Allow by setting MOZ_REMOTE_SETTINGS_DEVTOOLS=1 in the environment
console.error: (new TypeError("lazy.AsyncShutdown.profileBeforeChange is undefined", "resource://services-settings/Database.sys.mjs", 593))
console.warn: LoginHelper(Main): "Couldn't parse specified uri [System Principal] with error NS_ERROR_MALFORMED_URI"
console.warn: LoginHelper(Main): "Couldn't parse specified uri [System Principal] with error NS_ERROR_MALFORMED_URI"
console.warn: LoginHelper(Main): "Couldn't parse specified uri [System Principal] with error NS_ERROR_MALFORMED_URI"
console.warn: LoginHelper(Main): "Couldn't parse specified uri [System Principal] with error NS_ERROR_MALFORMED_URI"
console.warn: LoginHelper(Main): "Couldn't parse specified uri [System Principal] with error NS_ERROR_MALFORMED_URI"
console.warn: LoginHelper(Main): "Couldn't parse specified uri [System Principal] with error NS_ERROR_MALFORMED_URI"
console.warn: LoginHelper(Main): "Couldn't parse specified uri [System Principal] with error NS_ERROR_MALFORMED_URI"
console.warn: LoginHelper(Main): "Couldn't parse specified uri [System Principal] with error NS_ERROR_MALFORMED_URI"
console.warn: LoginHelper(Main): "Couldn't parse specified uri [System Principal] with error NS_ERROR_MALFORMED_URI"
JavaScript warning: https://www.googletagmanager.com/gtag/js?id=G-T1PCPR70M3&cx=c&_slc=1, line 457: Script terminated by timeout at:
aa.lh@https://www.googletagmanager.com/gtag/js?id=G-T1PCPR70M3&cx=c&_slc=1:457:42
get@https://www.googletagmanager.com/gtag/js?id=G-T1PCPR70M3&cx=c&_slc=1:455:119
stop@https://www.googletagmanager.com/gtag/js?id=G-T1PCPR70M3&cx=c&_slc=1:455:87
aa.vk/c/<@https://www.googletagmanager.com/gtag/js?id=G-T1PCPR70M3&cx=c&_slc=1:455:412

JavaScript error: resource://gre/modules/AsyncShutdown.sys.mjs, line 573: NotFoundError: No such JSWindowActor 'DevToolsFrame'
JavaScript error: resource://gre/modules/AsyncShutdown.sys.mjs, line 573: NotFoundError: No such JSWindowActor 'DevToolsFrame'
JavaScript error: resource://gre/modules/AsyncShutdown.sys.mjs, line 573: NotFoundError: No such JSWindowActor 'DevToolsFrame'
JavaScript error: resource://gre/modules/AsyncShutdown.sys.mjs, line 573: NotFoundError: No such JSWindowActor 'DevToolsFrame'
JavaScript error: resource://gre/modules/AsyncShutdown.sys.mjs, line 573: NotFoundError: No such JSWindowActor 'DevToolsFrame'
JavaScript error: resource://gre/modules/AsyncShutdown.sys.mjs, line 573: NotFoundError: No such JSWindowActor 'DevToolsFrame'
JavaScript error: resource://gre/modules/AsyncShutdown.sys.mjs, line 573: NotFoundError: No such JSWindowActor 'DevToolsFrame'
JavaScript error: resource://gre/modules/AsyncShutdown.sys.mjs, line 573: NotFoundError: No such JSWindowActor 'DevToolsFrame'
JavaScript error: resource://gre/modules/AsyncShutdown.sys.mjs, line 573: NotFoundError: No such JSWindowActor 'DevToolsFrame'
JavaScript error: resource://gre/modules/AsyncShutdown.sys.mjs, line 573: NotFoundError: No such JSWindowActor 'DevToolsFrame'
JavaScript error: resource://gre/modules/AsyncShutdown.sys.mjs, line 573: NotFoundError: No such JSWindowActor 'DevToolsFrame'
JavaScript error: resource://gre/modules/AsyncShutdown.sys.mjs, line 573: NotFoundError: No such JSWindowActor 'DevToolsFrame'
JavaScript error: resource://gre/modules/AsyncShutdown.sys.mjs, line 573: NotFoundError: No such JSWindowActor 'DevToolsFrame'
JavaScript error: resource://gre/modules/AsyncShutdown.sys.mjs, line 573: NotFoundError: No such JSWindowActor 'DevToolsFrame'
JavaScript error: resource://gre/modules/AsyncShutdown.sys.mjs, line 573: NotFoundError: No such JSWindowActor 'DevToolsFrame'
JavaScript error: resource://gre/modules/AsyncShutdown.sys.mjs, line 573: NotFoundError: No such JSWindowActor 'DevToolsFrame'
1694078485642	Marionette	INFO	Stopped listening on port 60662
Dynamically enable window occlusion 1
JavaScript error: , line 0: TypeError: NetworkError when attempting to fetch resource.
183
at/<@https://www.clarity.ms/s/0.7.10/clarity.js:2:6474
at@https://www.clarity.ms/s/0.7.10/clarity.js:2:6235
ha@https://www.clarity.ms/s/0.7.10/clarity.js:2:37076
zn@https://www.clarity.ms/s/0.7.10/clarity.js:2:28226
Yr/<@https://www.clarity.ms/s/0.7.10/clarity.js:2:52354

1694078481308	Marionette	INFO	Stopped listening on port 61233
Dynamically enable window occlusion 1
JavaScript warning: https://www.google.com/js/th/YrBCSterhsz94EJsjD3v7ys0foxm0QN59WDQGgS59_8.js line 2 > eval line 405 > eval line 1 > eval line 1 > eval, line 1: WEBGL_debug_renderer_info is deprecated in Firefox and will be removed. Please use RENDERER.
m.next@https://www.googletagservices.com/activeview/js/current/rx_lidar.js?cache=r20110914:72:859
Sj/c/</</<@https://www.googletagservices.com/activeview/js/current/rx_lidar.js?cache=r20110914:183:320
Qa@https://www.googletagservices.com/activeview/js/current/rx_lidar.js?cache=r20110914:44:339
Na.prototype.flush@https://www.googletagservices.com/activeview/js/current/rx_lidar.js?cache=r20110914:44:127
Pa@https://www.googletagservices.com/activeview/js/current/rx_lidar.js?cache=r20110914:43:330
Sj/c/</<@https://www.googletagservices.com/activeview/js/current/rx_lidar.js?cache=r20110914:183:292
m.nd@https://www.googletagservices.com/activeview/js/current/rx_lidar.js?cache=r20110914:75:425
m.next@https://www.googletagservices.com/activeview/js/current/rx_lidar.js?cache=r20110914:74:439
m.m@https://www.googletagservices.com/activeview/js/current/rx_lidar.js?cache=r20110914:73:223
m.next@https://www.googletagservices.com/activeview/js/current/rx_lidar.js?cache=r20110914:72:859
Bj/</</</<@https://www.googletagservices.com/activeview/js/current/rx_lidar.js?cache=r20110914:175:362
zj/<@https://www.googletagservices.com/activeview/js/current/rx_lidar.js?cache=r20110914:174:1013
Ma.prototype.La/<@https://www.googletagservices.com/activeview/js/current/rx_lidar.js?cache=r20110914:43:162
Bj/</</<@https://www.googletagservices.com/activeview/js/current/rx_lidar.js?cache=r20110914:175:371
m.nd@https://www.googletagservices.com/activeview/js/current/rx_lidar.js?cache=r20110914:75:425
m.next@https://www.googletagservices.com/activeview/js/current/rx_lidar.js?cache=r20110914:74:439
m.m@https://www.googletagservices.com/activeview/js/current/rx_lidar.js?cache=r20110914:73:223
m.next@https://www.googletagservices.com/activeview/js/current/rx_lidar.js?cache=r20110914:72:859
Bj/</</</<@https://www.googletagservices.com/activeview/js/current/rx_lidar.js?cache=r20110914:175:362
zj/<@https://www.googletagservices.com/activeview/js/current/rx_lidar.js?cache=r20110914:174:1013
Ma.prototype.La/<@https://www.googletagservices.com/activeview/js/current/rx_lidar.js?cache=r20110914:43:162
Bj/</</<@https://www.googletagservices.com/activeview/js/current/rx_lidar.js?cache=r20110914:175:371
m.nd@https://www.googletagservices.com/activeview/js/current/rx_lidar.js?cache=r20110914:75:425
m.next@https://www.googletagservices.com/activeview/js/current/rx_lidar.js?cache=r20110914:74:439
m.m@https://www.googletagservices.com/activeview/js/current/rx_lidar.js?cache=r20110914:73:223
m.next@https://www.googletagservices.com/activeview/js/current/rx_lidar.js?cache=r20110914:72:859
md/</<@https://www.googletagservices.com/activeview/js/current/rx_lidar.js?cache=r20110914:93:671

JavaScript error: , line 0: TypeError: NetworkError when attempting to fetch resource.
JavaScript error: https://pagead2.googlesyndication.com/pagead/js/adsbygoogle.js?client=ca-pub-7740240375137244, line 83: TagError: adsbygoogle.push() error: No slot size for availableWidth=0
JavaScript warning: https://pagead2.googlesyndication.com/bg/GMNNf8dPzMFRWE2GFsJAeeYNxVBqAV2Fx36SZG50-nU.js line 2 > eval line 5635 > eval line 1 > eval line 1 > eval, line 1: WEBGL_debug_renderer_info is deprecated in Firefox and will be removed. Please use RENDERER.
JavaScript warning: https://www.googletagmanager.com/gtag/js?id=G-T1PCPR70M3&cx=c&_slc=1, line 303: Script terminated by timeout at:
tm@https://www.googletagmanager.com/gtag/js?id=G-T1PCPR70M3&cx=c&_slc=1:303:463
TE@https://www.googletagmanager.com/gtag/js?id=G-T1PCPR70M3&cx=c&_slc=1:483:666
aa.hm@https://www.googletagmanager.com/gtag/js?id=G-T1PCPR70M3&cx=c&_slc=1:486:251
aa.gm/k/<@https://www.googletagmanager.com/gtag/js?id=G-T1PCPR70M3&cx=c&_slc=1:485:494
Nj@https://www.googletagmanager.com/gtag/js?id=G-T1PCPR70M3&cx=c&_slc=1:269:235
Zj@https://www.googletagmanager.com/gtag/js?id=G-T1PCPR70M3&cx=c&_slc=1:271:349
k@https://www.googletagmanager.com/gtag/js?id=G-T1PCPR70M3&cx=c&_slc=1:485:480
c@https://www.googletagmanaRead port: 61485
1694078488479	RemoteAgent	WARN	TLS certificate errors will be ignored for this session
DevTools listening on ws://127.0.0.1:61471/devtools/browser/d376ceb0-880c-41ff-ac6d-7d42119c9666
console.error: (new TypeError("this._searchProviderInfo is null", "resource:///modules/SearchSERPTelemetry.sys.mjs", 638))
JavaScript error: https://pagead2.googlesyndication.com/pagead/js/adsbygoogle.js?client=ca-pub-7740240375137244, line 82: TagError: adsbygoogle.push() error: No slot size for availableWidth=0
JavaScript error: https://pagead2.googlesyndication.com/pagead/js/adsbygoogle.js?client=ca-pub-7740240375137244, line 82: TagError: adsbygoogle.push() error: No slot size for availableWidth=0
JavaScript warning: https://pagead2.googlesyndication.com/bg/GMNNf8dPzMFRWE2GFsJAeeYNxVBqAV2Fx36SZG50-nU.js line 2 > eval line 94 > eval line 1 > eval line 1 > eval, line 1: WEBGL_debug_renderer_info is deprecated in Firefox and will be removed. Please use RENDERER.
JavaScript warning: https://www.google.com/cse/static/element/e992cd4de3c7044f/cse_element__en.js?usqp=CAI%3D, line 43: Script terminated by timeout at:
Gc<@https://www.google.com/cse/static/element/e992cd4de3c7044f/cse_element__en.js?usqp=CAI%3D:43:169
td@https://www.google.com/cse/static/element/e992cd4de3c7044f/cse_element__en.js?usqp=CAI%3D:50:153
ud@https://www.google.com/cse/static/element/e992cd4de3c7044f/cse_element__en.js?usqp=CAI%3D:50:267
g.Ru@https://www.google.com/cse/static/element/e992cd4de3c7044f/cse_element__en.js?usqp=CAI%3D:116:234
g.pf@https://www.google.com/cse/static/element/e992cd4de3c7044f/cse_element__en.js?usqp=CAI%3D:131:418
g.Rq@https://www.google.com/cse/static/element/e992cd4de3c7044f/cse_element__en.js?usqp=CAI%3D:131:285
g.ij@https://www.google.com/cse/static/element/e992cd4de3c7044f/cse_element__en.js?usqp=CAI%3D:126:181
Ug/<@https://www.google.com/cse/static/element/e992cd4de3c7044f/cse_element__en.js?usqp=CAI%3D:120:371
Kf@https://www.google.com/cse/static/element/e992cd4de3c7044f/cse_element__en.js?usqp=CAI%3D:88:225
b@https://www.google.com/cse/static/element/e992cd4de3c7044f/cse_element__en.js?usqp=CAI%3D:86:292

JavaScript warning: https://www.googletagservices.com/activeview/js/current/rx_lidar.js?cache=r20110914, line 73: Script terminated by timeout at:
m.unsubscribe@https://www.googJavaScript warning: https://www.googletagmanager.com/gtm.js?id=G-DSYZ9DK9R6, line 165: Script terminated by timeout at:
ib@https://www.googletagmanager.com/gtm.js?id=G-DSYZ9DK9R6:165:124
kb@https://www.googletagmanager.com/gtm.js?id=G-DSYZ9DK9R6:165:317
f@https://www.googletagmanager.com/gtm.js?id=G-DSYZ9DK9R6:180:213
e@https://www.googletagmanager.com/gtm.js?id=G-DSYZ9DK9R6:180:48
f@https://www.googletagmanager.com/gtm.js?id=G-DSYZ9DK9R6:180:243
od@https://www.googletagmanager.com/gtm.js?id=G-DSYZ9DK9R6:180:651
r@https://www.googletagmanager.com/gtm.js?id=G-DSYZ9DK9R6:178:2900
Az@https://www.googletagmanager.com/gtm.js?id=G-DSYZ9DK9R6:461:149
yz/</<@https://www.googletagmanager.com/gtm.js?id=G-DSYZ9DK9R6:459:187
l@https://www.googletagmanager.com/gtm.js?id=G-DSYZ9DK9R6:160:62
yz/<@https://www.googletagmanager.com/gtm.js?id=G-DSYZ9DK9R6:459:167
l@https://www.googletagmanager.com/gtm.js?id=G-DSYZ9DK9R6:160:62
yz@https://www.googletagmanager.com/gtm.js?id=G-DSYZ9DK9R6:459:134
zz/<@https://www.googletagmanager.com/gtm.js?id=G-DSYZ9DK9R6:459:111

1694078836103	Marionette	INFO	Stopped listening on port 61589
Dynamically enable window occlusion 1
JavaScript warning: https://www.google.com/js/th/YrBCSterhsz94EJsjD3v7ys0foxm0QN59WDQGgS59_8.js line 2 > eval line 2373 > eval line 1 > eval line 1 > eval, line 1: WEBGL_debug_renderer_info is deprecated in Firefox and will be removed. Please use RENDERER.
gservices.com/activeview/js/current/rx_lidar.js?cache=r20110914:44:127
Pa@https://www.googletagservices.com/activeview/js/current/rx_lidar.js?cache=r20110914:43:330
Sj/c/</<@https://www.googletagservices.com/activeview/js/current/rx_lidar.js?cache=r20110914:183:292
m.nd@https://www.googletagservices.com/activeview/js/current/rx_lidar.js?cache=r20110914:75:425
m.next@https://www.googletagservices.com/activeview/js/current/rx_lidar.js?cache=r20110914:74:439
m.m@https://www.googletagservices.com/activeview/js/current/rx_lidar.js?cache=r20110914:73:223
m.next@https://www.googletagservices.com/activeview/js/current/rx_lidar.js?cache=r20110914:72:859
Bj/</</</<@https://www.googletagservices.com/activeview/js/current/rx_lidar.js?cache=r20110914:175:362
zj/<@https://www.googletagservices.com/activeview/js/current/rx_lidar.js?cache=r20110914:174:1013
Ma.prototype.La/<@https://www.googletagservices.com/activeview/js/current/rx_lidar.js?cache=r20110914:43:162
Bj/</</<@https://www.googletagservices.com/activeview/js/current/rx_lidar.js?cache=r20110914:175:371
m.nd@https://www.googletagservices.com/activeview/js/current/rx_lidar.js?cache=r20110914:75:425
m.next@https://www.googletagservices.com/activeview/js/current/rx_lidar.js?cache=r20110914:74:439
m.m@https://www.googletagservices.com/activeview/js/current/rx_lidar.js?cache=r20110914:73:223
m.next@https://www.googletagservices.com/activeview/js/current/rx_lidar.js?cache=r20110914:72:859
Bj/</</</<@https://www.googletagservices.com/activeview/js/current/rx_lidar.js?cache=r20110914:175:362
zj/<@https://www.googletagservices.com/activeview/js/current/rx_lidar.js?cache=r20110914:174:1013
Ma.prototype.La/<@https://www.googletagservices.com/activeview/js/current/rx_lidar.js?cache=r20110914:43:162
Bj/</</<@https://www.googletagservices.com/activeview/js/current/rx_lidar.js?cache=r20110914:175:371
m.nd@https://www.googletagservices.com/activeview/js/current/rx_lidar.js?cache=r20110914:75:425
m.next@https://www.googletagservices.com/activeview/js/current/rx_lidar.js?cache=r20110914:74:439
m.m@https://www.googletagservices.com/activeview/js/current/rx_lidar.js?cache=r20110914:73:223
m.next@https://www.googletagservices.com/activeview/js/current/rx_lidar.js?cache=r20110914:72:859
md/</<@https://www.googletagservices.com/activeview/js/current/rx_lidar.js?cache=r20110914:93:671

JavaScript error: , line 0: TypeError: NetworkError when attempting to fetch resource.
JavaScript error: https://pagead2.googlesyndication.com/pagead/js/adsbygoogle.js?client=ca-pub-7740240375137244, line 82: TagError: adsbygoogle.push() error: No slot size for availableWidth=0
JavaScript warning: https://pagead2.googlesyndication.com/bg/GMNNf8dPzMFRWE2GFsJAeeYNxVBqAV2Fx36SZG50-nU.js line 2 > eval line 6307 > eval line 1 > eval line 1 > eval, line 1: WEBGL_debug_renderer_info is deprecated in Firefox and will be removed. Please use RENDERER.
1694078838664	Marionette	INFO	Stopped listening on port 61485
Dynamically enable window occlusion 1
JavaScript error: , line 0: TypeError: NetworkError when attempting to fetch resource.
ebugging-port" "57920" "--remote-allow-hosts" "localhost" "-no-remote" "-profile" "C:\\Users\\arnie\\AppData\\Local\\Temp\\rust_mozprofileCXGUBY"
console.warn: services.settings: Ignoring preference override of remote settings server
console.warn: services.settings: Allow by setting MOZ_REMOTE_SETTINGS_DEVTOOLS=1 in the environment
1694078675913	Marionette	INFO	Marionette enabled
Dynamically enable window occlusion 0
1694078676004	Marionette	INFO	Listening on port 57940
WebDriver BiDi listening on ws://127.0.0.1:57920
Read port: 57940
1694078676975	RemoteAgent	WARN	TLS certificate errors will be ignored for this session
DevTools listening on ws://127.0.0.1:57920/devtools/browser/37d61a3a-ce68-4448-880c-d30e42e61c69
console.error: (new TypeError("this._searchProviderInfo is null", "resource:///modules/SearchSERPTelemetry.sys.mjs", 638))
JavaScript error: https://pagead2.googlesyndication.com/pagead/js/adsbygoogle.js?client=ca-pub-7740240375137244, line 82: TagError: adsbygoogle.push() error: No slot size for availableWidth=0
JavaScript error: https://pagead2.googlesyndication.com/pagead/js/adsbygoogle.js?client=ca-pub-7740240375137244, line 82: TagError: adsbygoogle.push() error: No slot size for availableWidth=0
JavaScript warning: https://pagead2.googlesyndication.com/bg1694078696867	mozrunner::runner	INFO	Running command: "C:\\Program Files\\Mozilla Firefox\\firefox.exe" "--marionette" "--remote-debugging-port" "58035" "--remote-allow-hosts" "localhost" "-no-remote" "-profileJavaScript warning: https://www.google.com/cse/static/element/e992cd4de3c7044f/cse_element__en.js?usqp=CAI%3D, line 389: Script terminated by timeout at:
uo/u/<@https://www.google.com/cse/static/element/e992cd4de3c7044f/cse_element__en.js?usqp=CAI%3D:389:129

JavaScript warning: https://www.googletagservices.com/activeview/js/current/rx_lidar.js?cache=r20110914, line 73: Script terminated by timeout at:
m.unsubscribe@https://www.googletagservices.com/activeview/js/current/rx_lidar.js?cache=r20110914:73:126
H.prototype.unsubscribe@https://www.googletagservices.com/activeview/js/current/rx_lidar.js?cache=r20110914:70:392
m.unsubscribe@https://www.googletagservices.com/activeview/js/current/rx_lidar.js?cache=r20110914:73:177
m.Ba@https://www.googletagservices.comJavaScript warning: https://www.googletagmanager.com/gtm.js?id=G-DSYZ9DK9R6, line 163: Script terminated by timeout at:
aa.set@https://www.googletagmanager.com/gtm.js?id=G-DSYZ9DK9R6:163:1364
e@https://www.googletagmanager.com/gtm.js?id=G-DSYZ9DK9R6:180:42
f@https://www.googletagmanager.com/gtm.js?id=G-DSYZ9DK9R6:180:243
od@https://www.googletagmanager.com/gtm.js?id=G-DSYZ9DK9R6:180:651
r@https://www.googletagmanager.com/gtm.js?id=G-DSYZ9DK9R6:178:2900
Az@https://www.googletagmanager.com/gtm.js?id=G-DSYZ9DK9R6:461:149
yz/</<@https://www.googletagmanager.com/gtm.js?id=G-DSYZ9DK9R6:459:187
l@https://www.googletagmanager.com/gtm.js?id=G-DSYZ9DK9R6:160:62
yz/<@https://www.googletagmanager.com/gtm.js?id=G-DSYZ9DK9R6:459:167
l@https://www.googletagmanager.com/gtm.js?id=G-DSYZ9DK9R6:160:62
yz@https://www.googletagmanager.com/gtm.js?id=G-DSYZ9DK9R6:459:134
zz/<@https://www.googletagmanager.com/gtm.js?id=G-DSYZ9DK9R6:459:111

1694078830520	Marionette	INFO	Stopped listening on port 58043
Dynamically enable window occlusion 1
JavaScript warning: https://www.google.com/js/th/YrBCSterhsz94EJsjD3v7ys0foxm0QN59WDQGgS59_8.js line 2 > eval line 2953 > eval line 1 > eval line 1 > eval, line 1: WEBGL_debug_renderer_info is deprecated in Firefox and will be removed. Please use RENDERER.
totype.m@https://www.googletagservices.com/activeview/js/current/rx_lidar.js?cache=r20110914:85:601
m.next@https://www.googletagservices.com/activeview/js/current/rx_lidar.js?cache=r20110914:72:859
Sj/c/</</<@https://www.googletagservices.com/activeview/js/current/rx_lidar.js?cache=r20110914:183:320
Qa@https://www.googletagservices.com/activeview/js/current/rx_lidar.js?cache=r20110914:44:339
Na.prototype.flush@https://www.googletagservices.com/activeview/js/current/rx_lidar.js?cache=r20110914:44:127
Pa@https://www.googletagservices.com/activeview/js/current/rx_lidar.js?cache=r20110914:43:330
Sj/c/</<@https://www.googletagservices.com/activeview/js/current/rx_lidar.js?cache=r20110914:183:292
m.nd@https://www.googletagservices.com/activeview/js/current/rx_lidar.js?cache=r20110914:75:425
m.next@https://www.googletagservices.com/activeview/js/current/rx_lidar.js?cache=r20110914:74:439
m.m@https://www.googletagservices.com/activeview/js/current/rx_lidar.js?cache=r20110914:73:223
m.next@https://www.googletagservices.com/activeview/js/current/rx_lidar.js?cache=r20110914:72:859
Bj/</</</<@https://www.googletagservices.com/activeview/js/current/rx_lidar.js?cache=r20110914:175:362
zj/<@https://www.googletagservices.com/activeview/js/current/rx_lidar.js?cache=r20110914:174:1013
Ma.prototype.La/<@https://www.googletagservices.com/activeview/js/current/rx_lidar.js?cache=r20110914:43:162
Bj/</</<@https://www.googletagservices.com/activeview/js/current/rx_lidar.js?cache=r20110914:175:371
m.nd@https://www.googletagservices.com/activeview/js/current/rx_lidar.js?cache=r20110914:75:425
m.next@https://www.googletagservices.com/activeview/js/current/rx_lidar.js?cache=r20110914:74:439
m.m@https://www.googletagservices.com/activeview/js/current/rx_lidar.js?cache=r20110914:73:223
m.next@https://www.googletagservices.com/activeview/js/current/rx_lidar.js?cache=r20110914:72:859
Bj/</</</<@https://www.googletagservices.com/activeview/js/current/rx_lidar.js?cache=r20110914:175:362
zj/<@https://www.googletagservices.com/activeview/js/current/rx_lidar.js?cache=r20110914:174:1013
Ma.prototype.La/<@https://www.googletagservices.com/activeview/js/current/rx_lidar.js?cache=r20110914:43:162
Bj/</</<@https://www.googletagservices.com/activeview/js/current/rx_lidar.js?cache=r20110914:175:371
m.nd@https://www.googletagservices.com/activeview/js/current/rx_lidar.js?cache=r20110914:75:425
m.next@https://www.googletagservices.com/activeview/js/current/rx_lidar.js?cache=r20110914:74:439
m.m@https://www.googletagservices.com/activeview/js/current/rx_lidar.js?cache=r20110914:73:223
m.next@https://www.googletagservices.com/activeview/js/current/rx_lidar.js?cache=r20110914:72:859
md/</<@https://www.googletagservices.com/activeview/js/current/rx_lidar.js?cache=r20110914:93:671

JavaScript error: , line 0: TypeError: NetworkError when attempting to fetch resource.
JavaScript error: https://pagead2.googlesyndication.com/pagead/js/adsbygoogle.js?client=ca-pub-7740240375137244, line 82: TagError: adsbygoogle.push() error: No slot size for availableWidth=0
JavaScript warning: https://pagead2.googlesyndication.com/bg/GMNNf8dPzMFRWE2GFsJAeeYNxVBqAV2Fx36SZG50-nU.js line 2 > eval line 5927 > eval line 1 > eval line 1 > eval, line 1: WEBGL_debug_renderer_info is deprecated in Firefox and will be removed. Please use RENDERER.
JavaScript warning: https://www.googletagmanager.com/gtag/js?id=G-T1PCPR70M3&cx=c&_slc=1, line 304: Script terminated by timeout at:
wm@https://www.googletagmanager.com/gtag/js?id=G-T1PCPR70M3&cx=c&_slc=1:304:463
YE@https://www.googletagmanager.com/gtag/js?id=G-T1PCPR70M3&cx=c&_slc=1:486:666
aa.jm@https://www.googletagmanager.com/gtag/js?id=G-T1PCPR70M3&cx=c&_slc=1:489:79
aa.im/k/<@https://www.googletagmanager.com/gtag/js?id=G-T1PCPR70M3&cx=c&_slc=1:488:494
Pj@https://www.googletagmanager.com/gtag/js?id=G-T1PCPR70M3&cx=c&_slc=1:270:235
bk@https://www.googletagmanager.com/gtag/js?id=G-T1PCPR70M3&cx=c&_slc=1:272:349
k@https://www.googletagmanager.com/gtag/js?id=G-T1PCPR70M3&cx=c&_slc=1:488:480
c@https://www.googletagmanager.com/gtag/js?id=G-T1PCPR70M3&cx=c&_slc=1:314:169
wn@https://www.googletagmanager.com/gtag/js?id=G-T1PCPR70M3&cx=c&_slc=1:315:269
aa.im@https://www.googletagmanager.com/gtag/js?id=G-T1PCPR70M3&cx=c&_slc=1:489:13
c@https://www.googletagmanager.com/gtag/js?id=G-T1PCPR70M3&cx=c&_slc=1:507:943
ew@https://www.googletagmanager.com/gtag/js?id=G-T1PCPR70M3&cx=c&_slc=1:388:298
dw.prototype.flush@https://www.googletagmanager.com/gtag/js?id=G-T1PCPR70M3&cx=c&_slc=1:391:266
dw.prototype.push@https://www.googletagmanager.com/gtag/js?id=G-T1PCPR70M3&cx=c&_slc=1:389:207
Xv@https://www.googletagmanager.com/gtag/js?id=G-T1PCPR70M3&cx=c&_slc=1:386:712
pF/<@https://www.googletagmanager.com/gtag/js?id=G-T1PCPR70M3&cx=c&_slc=1:508:153
aa.yk/<@https://www.googletagmanager.com/gtag/js?id=G-T1PCPR70M3&cx=c&_slc=1:459:126
aa.yk/c/<@https://www.googletagmanager.com/gtag/js?id=G-T1PCPR70M3&cx=c&_slc=1:458:420

1694078832903	Marionette	INFO	Stopped listening on port 57940
Dynamically enable window occlusion 1
JavaScript error: , line 0: TypeError: NetworkError when attempting to fetch resource.
1694078881363	geckodriver	INFO	Listening on 127.0.0.1:53102
1694078884424	mozrunner::runner	INFO	Running command: "C:\\Program Files\\Mozilla Firefox\\firefox.exe" "--marionette" "--remote-debugging-port" "53103" "--remote-allow-hosts" "localhost" "-no-remote" "-profile" "C:\\Users\\arnie\\AppData\\Local\\Temp\\rust_mozprofileOmFlVd"
console.warn: services.settings: Ignoring preference override of remote settings server
console.warn: services.settings: Allow by setting MOZ_REMOTE_SETTINGS_DEVTOOLS=1 in the environment
1694078884811	Marionette	INFO	Marionette enabled
Dynamically enable window occlusion 0
1694078884894	Marionette	INFO	Listening on port 53113
WebDriver BiDi listening on ws://127.0.0.1:53103
Read port: 53113
1694078886988	RemoteAgent	WARN	TLS certificate errors will be ignored for this session
DevTools listening on ws://127.0.0.1:53103/devtools/browser/52126abf-b05c-4c68-95a3-9742d7fa92a2
console.error: (new TypeError("this._searchProviderInfo is null", "resource:///modules/SearchSERPTelemetry.sys.mjs", 638))
JavaScript error: https://pagead2.googlesyndication.com/pagead/js/adsbygoogle.js?client=ca-pub-7740240375137244, line 82: TagError: adsbygoogle.push() error: No slot size for availableWidth=0
JavaScript error: https://pagead2.googlesyndication.com/pagead/js/adsbygoogle.js?client=ca-pub-7740240375137244, line 82: TagError: adsbygoogle.push() error: No slot size for availableWidth=0
1694078901889	geckodriver	INFO	Listening on 127.0.0.1:53209
1694078905043	mozrunner::runner	INFO	Running command: "C:\\Program Files\\Mozilla Firefox\\firefox.exe" "--marionette" "--remote-debugging-port" "53210" "--remote-allow-hosts" "localhost" "-no-remote" "-profile" "C:\\Users\\arnie\\AppData\\Local\\Temp\\rust_mozprofilerY19pB"
console.warn: services.settings: IgnoringJavaScript warning: https://www.googletagservices.com/activeview/js/current/rx_lidar.js?cache=r20110914, line 217: Script terminated by timeout at:
Kl@https://www.googletagservices.com/activeview/js/current/rx_lidar.js?cache=r20110914:217:301
wn/c<@https://www.googletagservices.com/activeview/js/current/rx_lidar.js?cache=r20110914:245:62
Kc.prototype.m@https://www.googletagservices.com/activeview/js/current/rx_lidar.js?cache=r20110914:85:513
m.next@https://www.googletagservices.com/activeview/js/current/rx_lidar.js?cache=r20110914:72:859
Kc.prototype.m@https://www.googletagservices.com/activeview/js/current/rx_lidar.js?cache=r20110914:85:601
m.next@https://www.googletagserJavaScript warning: https://www.googletagmanager.com/gtag/js?id=G-DSYZ9DK9R6, line 180: Script terminated by timeout at:
f@https://www.googletagmanager.com/gtag/js?id=G-DSYZ9DK9R6:180:68
e@https://www.googletagmanager.com/gtag/js?id=G-DSYZ9DK9R6:180:48
f@https://www.googletagmanager.com/gtag/js?id=G-DSYZ9DK9R6:180:243
od@https://www.googletagmanager.com/gtag/js?id=G-DSYZ9DK9R6:180:651
r@https://www.googletagmanager.com/gtag/js?id=G-DSYZ9DK9R6:178:2900
Az@https://www.googletagmanager.com/gtag/js?id=G-DSYZ9DK9R6:461:149
yz/</<@https://www.googletagmanager.com/gtag/js?id=G-DSYZ9DK9R6:459:187
l@https://www.googletagmanager.com/gtag/js?id=G-DSYZ9DK9R6:160:62
yz/<@https://www.googletagmanager.com/gtag/js?id=G-DSYZ9DK9R6:459:167
l@https://www.googletagmanager.com/gtag/js?id=G-DSYZ9DK9R6:160:62
yz@https://www.googletagmanager.com/gtag/js?id=G-DSYZ9DK9R6:459:134
zz/<@https://www.googletagmanager.com/gtag/js?id=G-DSYZ9DK9R6:459:111

1694079021881	Marionette	INFO	Stopped listening on port 53224
Dynamically enable window occlusion 1
JavaScript warning: https://www.google.com/js/th/YrBCSterhsz94EJsjD3v7ys0foxm0QN59WDQGgS59_8.js line 2 > eval line 3330 > eval line 1 > eval line 1 > eval, line 1: WEBGL_debug_renderer_info is deprecated in Firefox and will be removed. Please use RENDERER.
@https://www.googletagservices.com/activeview/js/current/rx_lidar.js?cache=r20110914:72:859
yf.prototype.m@https://www.googletagservices.com/activeview/js/current/rx_lidar.js?cache=r20110914:116:115
m.next@https://www.googletagservices.com/activeview/js/current/rx_lidar.js?cache=r20110914:72:859
Sj/c/</</<@https://www.googletagservices.com/activeview/js/current/rx_lidar.js?cache=r20110914:183:320
Qa@https://www.googletagservices.com/activeview/js/current/rx_lidar.js?cache=r20110914:44:339
Na.prototype.flush@https://www.googletagservices.com/activeview/js/current/rx_lidar.js?cache=r20110914:44:127
Pa@https://www.googletagservices.com/activeview/js/current/rx_lidar.js?cache=r20110914:43:330
Sj/c/</<@https://www.googletagservices.com/activeview/js/current/rx_lidar.js?cache=r20110914:183:292
m.nd@https://www.googletagservices.com/activeview/js/current/rx_lidar.js?cache=r20110914:75:425
m.next@https://www.googletagservices.com/activeview/js/current/rx_lidar.js?cache=r20110914:74:439
m.m@https://www.googletagservices.com/activeview/js/current/rx_lidar.js?cache=r20110914:73:223
m.next@https://www.googletagservices.com/activeview/js/current/rx_lidar.js?cache=r20110914:72:859
Bj/</</</<@https://www.googletagservices.com/activeview/js/current/rx_lidar.js?cache=r20110914:175:362
zj/<@https://www.googletagservices.com/activeview/js/current/rx_lidar.js?cache=r20110914:174:1013
Ma.prototype.La/<@https://www.googletagservices.com/activeview/js/current/rx_lidar.js?cache=r20110914:43:162
Bj/</</<@https://www.googletagservices.com/activeview/js/current/rx_lidar.js?cache=r20110914:175:371
m.nd@https://www.googletagservices.com/activeview/js/current/rx_lidar.js?cache=r20110914:75:425
m.next@https://www.googletagservices.com/activeview/js/current/rx_lidar.js?cache=r20110914:74:439
m.m@https://www.googletagservices.com/activeview/js/current/rx_lidar.js?cache=r20110914:73:223
m.next@https://www.googletagservices.com/activeview/js/current/rx_lidar.js?cache=r20110914:72:859
Bj/</</</<@https://www.googletagservices.com/activeview/js/current/rx_lidar.js?cache=r20110914:175:362
zj/<@https://www.googletagservices.com/activeview/js/current/rx_lidar.js?cache=r20110914:174:1013
Ma.prototype.La/<@https://www.googletagservices.com/activeview/js/current/rx_lidar.js?cache=r20110914:43:162
Bj/</</<@https://www.googletagservices.com/activeview/js/current/rx_lidar.js?cache=r20110914:175:371
m.nd@https://www.googletagservices.com/activeview/js/current/rx_lidar.js?cache=r20110914:75:425
m.next@https://www.googletagservices.com/activeview/js/current/rx_lidar.js?cache=r20110914:74:439
m.m@https://www.googletagservices.com/activeview/js/current/rx_lidar.js?cache=r20110914:73:223
m.next@https://www.googletagservices.com/activeview/js/current/rx_lidar.js?cache=r20110914:72:859
md/</<@https://www.googletagservices.com/activeview/js/current/rx_lidar.js?cache=r20110914:93:671

JavaScript error: , line 0: TypeError: NetworkError when attempting to fetch resource.
JavaScript error: https://pagead2.googlesyndication.com/pagead/js/adsbygoogle.js?client=ca-pub-7740240375137244, line 82: TagError: adsbygoogle.push() error: No slot size for availableWidth=0
JavaScript error: https://pagead2.googlesyndication.com/pagead/js/adsbygoogle.js?client=ca-pub-7740240375137244, line 82: TagError: adsbygoogle.push() error: No slot size for availableWidth=0
console.warn: LoginHelper(Content): "Couldn't parse specified uri about:srcdoc with error NS_ERROR_FAILURE"
JavaScript warning: https://pagead2.googlesyndication.com/bg/GMNNf8dPzMFRWE2GFsJAeeYNxVBqAV2Fx36SZG50-nU.js line 2 > eval line 3347 > eval line 1 > eval line 1 > eval, line 1: WEBGL_debug_renderer_info is deprecated in Firefox and will be removed. Please use RENDERER.
JavaScript warning: https://www.googletagservices.com/activeview/js/current/rx_lidar.js?cache=r20110914, line 72: Script terminated by timeout at:
m.next@https://www.googletagservices.com/activeview/js/current/rx_lidar.js?cache=r20110914:72:842
md/</<@https://www.googletagservices.com/activeview/js/current/rx_lidar.js?cache=r20110914:93:671

JavaScript error: , line 0: TypeError: NetworkError when attempting to fetch resource.
JavaScript error: https://pagead2.googlesyndication.com/pagead/js/adsbygoogle.js?client=ca-pub-7740240375137244, line 82: TagError: adsbygoogle.push() error: No slot size for availableWidth=0
JavaScript warning: https://pagead2.googlesyndication.com/bg/GMNNf8dPzMFRWE2GFsJAeeYNxVBqAV2Fx36SZG50-nU.js line 2 > eval line 4837 > eval line 1 > eval line 1 > eval, line 1: WEBGL_debug_renderer_info is deprecated in Firefox and will be removed. Please use RENDERER.
JavaScript warning: https://pagead2.googlesyndication.com/bg/GMNNf8dPzMFRWE2GFsJAeeYNxVBqAV2Fx36SZG50-nU.js line 2 > eval line 6202 > eval line 1 > eval line 1 > eval, line 1: WEBGL_debug_renderer_info is deprecated in Firefox and will be removed. Please use RENDERER.
JavaScript warning: https://www.googletagmanager.com/gtag/js?id=G-T1PCPR70M3&cx=c&_slc=1, line 457: Script terminated by timeout at:
aa.lh@https://www.googletagmanager.com/gtag/js?id=G-T1PCPR70M3&cx=c&_slc=1:457:89
get@https://www.googletagmanager.com/gtag/js?id=G-T1PCPR70M3&cx=c&_slc=1:455:119
stop@https://www.googletagmanager.com/gtag/js?id=G-T1PCPR70M3&cx=c&_slc=1:455:87
aa.vk/c/<@https://www.googletagmanager.com/gtag/js?id=G-T1PCPR70M3&cx=c&_slc=1:455:412

1694079022458	Marionette	INFO	Stopped listening on port 53113
Dynamically enable window occlusion 1
!!! error running onStopped callback: TypeError: callback is not a function
